time,open,high,low,close,5 Ema,13 Ema,50 Ema,200 Ema,800 Ema,Upper 50 Ema Cloud,Lower 50 Ema Cloud,YDay Hi,YDay Lo,LWeek Hi,LWeek Lo,Psy-Hi,Psy-Lo,Daily Open,PVSRA Volume,Volume MA,PVSRA Volume,50 EMA
1659304800,105.5665,105.7616,104.9355,105.1225,105.75084524483557,106.1754707337748,104.98200942337522,100.32840225686593,96.34420968831532,105.68355506707243,104.280463779678,NaN,NaN,107.749,105.8456,NaN,NaN,NaN,87798,NaN,87798,104.98200942337522
1659398400,105.0585,106.0246,104.731,106.0225,105.84139682989039,106.15361777180698,105.02281297539972,100.38505994585233,96.36837520719592,105.72239596647125,104.32322998432818,NaN,NaN,107.1175,105.226,NaN,NaN,NaN,104805,NaN,104805,105.02281297539972
1659484800,106.083,106.5065,105.635,106.1185,105.93376455326026,106.14860094726312,105.0657810940115,100.44210910061997,96.39272008807683,105.76304851274104,104.36851367528196,NaN,NaN,107.1175,105.226,NaN,NaN,NaN,96268,NaN,96268,105.0657810940115
1659571200,106.137,106.2255,105.3645,105.4535,105.77367636884017,106.04930081193982,105.08098575699144,100.49197368668345,96.41534375826889,105.7711248344791,104.39084667950378,NaN,NaN,107.1175,105.226,NaN,NaN,NaN,76780,NaN,76780,105.08098575699144
1659657600,105.4305,106.594,105.4206,106.2375,105.92828424589345,106.07618641023413,105.12633925671726,100.54914310273635,96.43986849295486,105.80944649243429,104.44323202100023,NaN,NaN,107.1175,105.226,NaN,NaN,NaN,88785,NaN,88785,105.12633925671726
1659909600,106.2745,106.4765,105.7526,106.0765,105.9776894972623,106.07623120877211,105.16360046233619,100.60414167882853,96.4639299948451,105.83941052696599,104.48779039770639,NaN,NaN,107.1175,105.226,NaN,NaN,NaN,70239,NaN,70239,105.16360046233619
1660003200,106.0146,106.1035,105.6505,105.9975,105.98429299817487,106.06498389323325,105.19630240498968,100.6578069357556,96.48773416464574,105.86520406894303,104.52740074103633,NaN,NaN,106.594,104.731,NaN,NaN,NaN,59281,NaN,59281,105.19630240498968
1660089600,106.0225,106.0725,104.273,104.8885,105.6190286654499,105.8969147656285,105.18423172244107,100.69990338415604,96.50870985961542,105.84329641157566,104.52516703330647,NaN,NaN,106.594,104.731,NaN,NaN,NaN,81500,NaN,81500,105.18423172244107
1660176000,104.8746,105.1185,104.3015,104.7336,105.3238857769666,105.73072694196728,105.16655989018848,100.74003966889082,96.52924641427306,105.81571654565737,104.5174032347196,NaN,NaN,106.594,104.731,NaN,NaN,NaN,83734,NaN,83734,105.16655989018848
1660262400,104.7646,105.5146,104.7415,105.3246,105.32412385131107,105.67270880740053,105.17275754155364,100.78565718462325,96.55120734707138,105.81307177602837,104.5324433070789,NaN,NaN,106.594,104.731,NaN,NaN,NaN,74748,NaN,74748,105.17275754155364
1660514400,105.2976,106.1965,105.1876,106.1435,105.59724923420738,105.7399646920576,105.21082587325742,100.83896905343296,96.57515814021228,105.84366018413574,104.5779915623791,NaN,NaN,106.594,104.731,NaN,NaN,NaN,52424,NaN,52424,105.21082587325742
1660608000,106.1726,106.5995,105.9625,106.1465,105.78033282280492,105.7980411646208,105.24751897626693,100.89178030663264,96.59905662175981,105.87357886267083,104.62145908986304,NaN,NaN,106.4765,104.273,NaN,NaN,NaN,63157,NaN,63157,105.24751897626693
1660694400,106.1455,106.539,105.9386,106.3405,105.96705521520329,105.87553528396069,105.29038097719764,100.94599642298455,96.62337982619987,105.90656612233612,104.67419583205917,NaN,NaN,106.4765,104.273,NaN,NaN,NaN,74687,NaN,74687,105.29038097719764
1660780800,106.3646,107.2746,106.183,107.1685,106.36753681013552,106.06024452910916,105.36403270358205,101.00791188146232,96.64970971427427,105.96856801721283,104.75949738995128,NaN,NaN,106.4765,104.273,NaN,NaN,NaN,66020,NaN,66020,105.36403270358205
1660867200,107.2005,107.9226,107.1995,107.8485,106.86119120675701,106.31570959637928,105.46146279363766,101.0759774348806,96.6776717374596,106.05868187152213,104.8642437157532,NaN,NaN,106.4765,104.273,NaN,NaN,NaN,58764,NaN,58764,105.46146279363766
1661119200,107.8426,108.7856,107.773,108.6945,107.472294137838,106.65553679689653,105.58824856643619,101.15178362955841,96.70767630240977,106.18199204852817,104.99450508434421,NaN,NaN,106.4765,104.273,NaN,NaN,NaN,59260,NaN,59260,105.58824856643619
1661212800,108.7175,108.9806,107.754,108.2755,107.74002942522533,106.8869601116256,105.69363097559555,101.22266637951306,96.73655975733509,106.28315869053067,105.10410326066044,NaN,NaN,107.9226,105.1876,NaN,NaN,NaN,62085,NaN,62085,105.69363097559555
1661299200,108.3046,108.8115,108.052,108.3256,107.93521961681688,107.09248009567908,105.79684544714083,101.29334233593582,96.76549618740417,106.3840770269624,105.20961386731925,NaN,NaN,107.9226,105.1876,NaN,NaN,NaN,56054,NaN,56054,105.79684544714083
1661385600,108.3906,108.4096,107.695,108.1465,108.00564641121126,107.24305436772492,105.88898876293922,101.36153295945884,96.79391317570028,106.47332755242816,105.30464997345028,NaN,NaN,107.9226,105.1876,NaN,NaN,NaN,56410,NaN,56410,105.88898876293922
1661472000,108.2026,108.5776,107.276,108.5505,108.18726427414084,107.4298323151928,105.99336175262788,101.43306496981249,96.82326794929403,106.57603228374013,105.41069122151562,NaN,NaN,107.9226,105.1876,NaN,NaN,NaN,67175,NaN,67175,105.99336175262788
1661724000,108.627,109.2315,108.224,108.5296,108.30137618276056,107.58694198445097,106.09282207605423,101.50367725867008,96.8524972428039,106.67341375897483,105.51223039313363,NaN,NaN,107.9226,105.1876,NaN,NaN,NaN,55252,NaN,55252,106.09282207605423
1661817600,108.383,108.8535,108.001,108.5645,108.38908412184037,107.7265931295294,106.18975062209132,101.57393420136988,96.88174069538117,106.76816553390071,105.61133571028194,NaN,NaN,108.9806,107.276,NaN,NaN,NaN,55880,NaN,55880,106.18975062209132
1661904000,108.5135,108.916,108.092,108.3706,108.38292274789357,107.8185941110252,106.27527412710735,101.64156271677913,96.91042698577972,106.85154551921696,105.69900273499775,NaN,NaN,108.9806,107.276,NaN,NaN,NaN,63221,NaN,63221,106.27527412710735
1661990400,108.634,109.715,108.492,109.4315,108.73244849859572,108.04900923802161,106.3990476907502,101.71907453054253,96.94169058881148,106.97514051361652,105.82295486788387,NaN,NaN,108.9806,107.276,NaN,NaN,NaN,61015,NaN,61015,106.3990476907502
1662076800,109.3306,109.445,108.6775,109.292,108.91896566573048,108.22657934687567,106.51249680091685,101.79442702277593,96.9725278158057,107.08889058560798,105.93610301622572,NaN,NaN,108.9806,107.276,NaN,NaN,NaN,59105,NaN,59105,106.51249680091685
1662328800,109.537,110.0296,109.445,109.5575,109.13181044382033,108.41671086875057,106.63190869107697,101.871671530012,97.00395096732679,107.21134812642288,106.05246925573107,NaN,NaN,108.9806,107.276,NaN,NaN,NaN,38087,NaN,38087,106.63190869107697
1662422400,109.3361,110.272,109.1296,109.9946,109.41940696254689,108.64212360178621,106.76377893848571,101.95249668891735,97.03638704481162,107.34842962161449,106.17912825535694,NaN,NaN,109.715,108.001,NaN,NaN,NaN,56411,NaN,56411,106.76377893848571
1662508800,110.0656,110.5106,109.26,109.352,109.39693797503126,108.74353451581675,106.86527780364314,102.02612358753508,97.06713763895691,107.4478899787097,106.28266562857658,NaN,NaN,109.715,108.001,NaN,NaN,NaN,58297,NaN,58297,106.86527780364314
1662595200,109.417,109.964,109.039,109.4155,109.40312531668751,108.83952958498578,106.96528651722576,102.09964972099245,97.09797000440271,107.54659917631498,106.38397385813654,NaN,NaN,109.715,108.001,NaN,NaN,NaN,66705,NaN,66705,106.96528651722576
1662681600,109.275,109.29,108.089,108.7435,109.183250211125,108.82581107284496,107.03502037929535,102.16575768396764,97.12704748254403,107.61387973391894,106.45616102467176,NaN,NaN,109.715,108.001,NaN,NaN,NaN,56946,NaN,56946,107.03502037929535
1662933600,108.325,108.6085,107.554,108.0096,108.79203347408334,108.70920949100996,107.07323918795043,102.22390536870428,97.15421989831795,107.64915999305518,106.49731838284569,NaN,NaN,109.715,108.001,NaN,NaN,NaN,48187,NaN,48187,107.07323918795043
1663027200,107.995,109.6286,107.4261,109.6145,109.06618898272222,108.83853670657996,107.17289647469748,102.29744362374205,97.18533170880904,107.75364911231075,106.59214383708421,NaN,NaN,110.5106,108.089,NaN,NaN,NaN,46957,NaN,46957,107.17289647469748
1663113600,109.5506,109.6415,108.952,109.3396,109.15732598848149,108.91011717706854,107.25786524039562,102.36751483146601,97.21567944486695,107.84359517454395,106.67213530624728,NaN,NaN,110.5106,108.089,NaN,NaN,NaN,58830,NaN,58830,107.25786524039562
1663200000,109.342,109.6525,109.128,109.4465,109.25371732565432,108.98674329463017,107.34369405449775,102.4379524948345,97.24621832265754,107.93605695934598,106.75133114964952,NaN,NaN,110.5106,108.089,NaN,NaN,NaN,35878,NaN,35878,107.34369405449775
1663286400,109.5266,109.974,109.178,109.3915,109.29964488376955,109.04456568111158,107.42400017000764,102.50714202224908,97.27654362022894,108.02130355557104,106.82669678444425,NaN,NaN,110.5106,108.089,NaN,NaN,NaN,40578,NaN,40578,107.42400017000764
1663538400,109.4025,109.9005,109.2155,109.3385,109.31259658917969,109.08655629809564,107.49907859471323,102.57511573347048,97.30666086462287,108.10154802980666,106.89660915961979,NaN,NaN,110.5106,108.089,NaN,NaN,NaN,66430,NaN,66430,107.49907859471323
1663632000,109.202,110.0025,109.047,109.9315,109.51889772611979,109.20726254122484,107.59446766943036,102.64831358686878,97.33818355909322,108.2038109194774,106.98512441938331,NaN,NaN,109.974,107.4261,NaN,NaN,NaN,75682,NaN,75682,107.59446766943036
1663718400,109.9035,111.313,109.8455,111.0835,110.0404318174132,109.475296463907,107.7312924667076,102.73224578998452,97.37250394970722,108.34972018268753,107.11286475072767,NaN,NaN,109.974,107.4261,NaN,NaN,NaN,99394,NaN,99394,107.7312924667076
1663804800,111.217,111.5465,110.177,111.0205,110.36712121160879,109.696039826206,107.86028099742495,102.81471598112896,97.40658134309122,108.48963103645923,107.23093095839067,NaN,NaN,109.974,107.4261,NaN,NaN,NaN,129911,NaN,129911,107.86028099742495
1663891200,110.9505,112.944,110.8075,112.8045,111.1795808077392,110.14010556531943,108.05417193870241,102.91411681713763,97.44502808131071,108.70415549612636,107.40418838127846,NaN,NaN,109.974,107.4261,NaN,NaN,NaN,121182,NaN,121182,108.05417193870241
1664143200,112.843,114.381,112.599,114.0135,112.12422053849279,110.69344762741666,108.28787107836114,103.0245584408477,97.48639754927248,108.96577849142223,107.60996366530004,NaN,NaN,109.974,107.4261,NaN,NaN,NaN,168701,NaN,168701,108.28787107836114
1664236800,113.777,114.3715,113.203,114.0695,112.77264702566187,111.17574082349999,108.51460162430776,103.13445835685917,97.52780354790102,109.21914999870285,107.81005324991267,NaN,NaN,112.944,109.047,NaN,NaN,NaN,131900,NaN,131900,108.51460162430776
1664323200,114.0515,114.6865,112.399,112.5855,112.71026468377458,111.37713499157142,108.67424469786431,103.22849857221381,97.56540079247554,109.39458258073033,107.95390681499829,NaN,NaN,112.944,109.047,NaN,NaN,NaN,161171,NaN,161171,108.67424469786431
1664409600,112.895,113.6715,111.884,111.907,112.44250978918305,111.4528299927755,108.80101941559512,103.31485182025148,97.60121002894876,109.53408981130244,108.0679490198878,NaN,NaN,112.944,109.047,NaN,NaN,NaN,127458,NaN,127458,108.80101941559512
1664496000,111.769,112.612,111.463,112.0755,112.3201731927887,111.54178285095044,108.92943041890511,103.4020224489057,97.63735057818984,109.67511637770944,108.18374446010078,NaN,NaN,112.944,109.047,NaN,NaN,NaN,152236,NaN,152236,108.92943041890511
1664748000,112.059,112.45,111.3365,111.5205,112.05361546185914,111.53874244367181,109.03104099071275,103.48280332006087,97.67201512106577,109.78548310684738,108.27659887457813,NaN,NaN,112.944,109.047,NaN,NaN,NaN,121249,NaN,121249,109.03104099071275
1664841600,111.4105,111.741,109.875,109.9845,111.3639103079061,111.31670780886155,109.06843154009657,103.54749681936374,97.70275790478345,109.8235596941278,108.31330338606534,NaN,NaN,114.6865,111.463,NaN,NaN,NaN,118757,NaN,118757,109.06843154009657
1664928000,110.0255,111.559,109.9055,111.0565,111.26144020527073,111.27953526473847,109.1463950091124,103.62221326892231,97.73610058167537,109.90676830910009,108.3860217091247,NaN,NaN,114.6865,111.463,NaN,NaN,NaN,109256,NaN,109256,109.1463950091124
1665014400,110.788,112.1645,110.621,112.1075,111.54346013684716,111.3978159412044,109.26251677346093,103.70664398266437,97.7719842256662,110.02922644208353,108.49580710483833,NaN,NaN,114.6865,111.463,NaN,NaN,NaN,117900,NaN,117900,109.26251677346093
1665100800,112.0985,112.7085,111.782,112.5675,111.8848067578981,111.56491366388948,109.3921239588154,103.7948117042299,97.80892683683807,110.16683109849504,108.61741681913577,NaN,NaN,114.6865,111.463,NaN,NaN,NaN,107771,NaN,107771,109.3921239588154
1665352800,112.6065,113.1945,112.414,112.9925,112.25403783859873,111.76885456904813,109.53331517611676,103.88633099075497,97.84683838031663,110.31374714670295,108.75288320553057,NaN,NaN,114.6865,111.463,NaN,NaN,NaN,101489,NaN,101489,109.53331517611676
1665446400,112.9265,113.3635,112.185,113.1005,112.53619189239916,111.95908963061268,109.67320477705336,103.9780142644788,97.8849249261835,110.45746431970365,108.88894523440307,NaN,NaN,112.7085,109.875,NaN,NaN,NaN,125514,NaN,125514,109.67320477705336
1665532800,113.1485,113.3975,112.79,113.0845,112.71896126159945,112.11986254052516,109.80698106030617,104.0686260628422,97.92287642449516,110.59555467105886,109.01840744955348,NaN,NaN,112.7085,109.875,NaN,NaN,NaN,123749,NaN,123749,109.80698106030617
1665619200,113.1015,113.706,111.904,112.2915,112.57647417439964,112.144382177593,109.90441317558829,104.15044570400795,97.95875313754262,110.69153718337732,109.11728916779926,NaN,NaN,112.7085,109.875,NaN,NaN,NaN,138721,NaN,138721,109.90441317558829
1665705600,112.3735,113.1585,111.923,113.0975,112.75014944959976,112.28054186650829,110.02963226674169,104.23947111988846,97.99655275517672,110.81709606351775,109.24216846996562,NaN,NaN,112.7085,109.875,NaN,NaN,NaN,139301,NaN,139301,110.02963226674169
1665957600,112.9655,112.9655,111.6615,111.8335,112.4445996330665,112.21667874272138,110.10037217784985,104.31503359630749,98.03110193681174,110.88012417501815,109.32062018068154,NaN,NaN,112.7085,109.875,NaN,NaN,NaN,113726,NaN,113726,110.10037217784985
1666051200,111.7575,112.189,111.471,111.6975,112.19556642204434,112.14251035090405,110.16300464146359,104.38849097345866,98.06522527779349,110.93585658447105,109.39015269845612,NaN,NaN,113.706,111.904,NaN,NaN,NaN,115810,NaN,115810,110.16300464146359
1666137600,111.6525,112.8405,111.6315,112.6535,112.34821094802956,112.21550887220347,110.26067112611207,104.47072986924513,98.1016504331548,111.03302937989267,109.48831287233148,NaN,NaN,113.706,111.904,NaN,NaN,NaN,110228,NaN,110228,110.26067112611207
1666224000,112.7435,112.8815,111.886,112.5995,112.43197396535304,112.27036474760298,110.35238990548022,104.55161315412826,98.13784980785354,111.11933716911297,109.58544264184748,NaN,NaN,113.706,111.904,NaN,NaN,NaN,114780,NaN,114780,110.35238990548022
1666310400,112.6895,113.6705,111.435,111.7065,112.19014931023536,112.18981264080256,110.40549226212806,104.62280605806728,98.17172908423842,111.16484603035944,109.64613849389669,NaN,NaN,113.706,111.904,NaN,NaN,NaN,152449,NaN,152449,110.40549226212806
1666562400,111.366,112.279,111.148,111.7345,112.03826620682356,112.12476797783076,110.45761021263284,104.6935691818676,98.20559368078214,111.20993020106157,109.70529022420412,NaN,NaN,113.706,111.904,NaN,NaN,NaN,152518,NaN,152518,110.45761021263284
1666656000,111.578,111.903,110.456,110.5875,111.55467747121571,111.90515826671208,110.4627039297845,104.75221525965996,98.23650980142938,111.20407949130666,109.72132836826233,NaN,NaN,113.6705,111.435,NaN,NaN,NaN,109219,NaN,109219,110.4627039297845
1666742400,110.6315,110.8505,109.2845,109.3099,110.80641831414381,111.53440708575322,110.41749593253805,104.79756535657877,98.26415871578287,111.14586561407685,109.68912625099924,NaN,NaN,113.6705,111.435,NaN,NaN,NaN,122742,NaN,122742,110.41749593253805
1666828800,109.2799,110.2878,109.1779,110.1858,110.59954554276254,111.34174893064561,110.40840981753655,104.85117963163769,98.29392561037517,111.12784751518451,109.68897211988859,NaN,NaN,113.6705,111.435,NaN,NaN,NaN,130893,NaN,130893,110.40840981753655
1666915200,110.2598,110.7338,109.9439,110.3318,110.51029702850836,111.19747051198195,110.40540551096649,104.9057131676413,98.32398272495601,111.1193391630213,109.69147185891168,NaN,NaN,113.6705,111.435,NaN,NaN,NaN,112381,NaN,112381,110.40540551096649
1667167200,110.4908,111.3218,110.3738,111.2088,110.7431313523389,111.19908901027024,110.4369111772031,104.96843044955531,98.35615455335812,111.15025230072361,109.7235700536826,NaN,NaN,113.6705,111.435,NaN,NaN,NaN,84394,NaN,84394,110.4369111772031
1667260800,111.2058,111.4368,110.3558,111.1998,110.89535423489261,111.19919058023163,110.46682838594023,105.03043412667417,98.38822358069056,111.17968782676002,109.75396894512045,NaN,NaN,112.279,109.1779,NaN,NaN,NaN,99955,NaN,99955,110.46682838594023
1667347200,111.1278,111.7998,110.0378,111.7028,111.16450282326174,111.27113478305569,110.5152978610014,105.09682582690627,98.42146846563266,111.22666542899488,109.80393029300792,NaN,NaN,112.279,109.1779,NaN,NaN,NaN,102027,NaN,102027,110.5152978610014
1667433600,111.8198,112.8048,111.4878,112.5838,111.6376018821745,111.4586583854763,110.59641559194252,105.17132308235993,98.45683009243507,111.3051437471682,109.88768743671683,NaN,NaN,112.279,109.1779,NaN,NaN,NaN,104983,NaN,104983,110.59641559194252
1667520000,112.6328,112.6338,110.3678,110.5518,111.27566792144967,111.32910718755112,110.59466596088595,105.22486016611755,98.48702976761001,111.29758860657698,109.89174331519492,NaN,NaN,112.279,109.1779,NaN,NaN,NaN,119807,NaN,119807,110.59466596088595
1667775600,110.7478,110.9258,109.6789,109.7949,110.78207861429978,111.10993473218667,110.56330258987082,105.2703331992905,98.51526415021273,111.25824680327263,109.868358376469,NaN,NaN,112.279,109.1779,NaN,NaN,NaN,105949,NaN,105949,110.56330258987082
1667869200,109.7529,110.2548,108.9809,109.2509,110.27168574286652,110.8443583418743,110.51183582164059,105.30994082914832,98.54206973285889,111.19778763957964,109.82588400370153,NaN,NaN,112.8048,110.0378,NaN,NaN,NaN,97401,NaN,97401,110.51183582164059
1667955600,109.3989,110.2818,109.0889,110.0608,110.20139049524435,110.73242143589225,110.49414814236056,105.35721305970405,98.57083060743352,111.17055599918288,109.81774028553824,NaN,NaN,112.8048,110.0378,NaN,NaN,NaN,121474,NaN,121474,110.49414814236056
1668042000,109.9579,110.6218,107.3169,107.5489,109.31722699682958,110.27763265933622,110.37864821520917,105.37902088995575,98.59324775947489,111.04577451784932,109.71152191256901,NaN,NaN,112.8048,110.0378,NaN,NaN,NaN,132909,NaN,132909,110.37864821520917
1668128400,107.7529,108.0519,105.8649,105.9809,108.20511799788639,109.66381370800248,110.20618750088724,105.38500973682187,98.61169383248495,110.86576341523941,109.54661158653506,NaN,NaN,112.8048,110.0378,NaN,NaN,NaN,133601,NaN,133601,110.20618750088724
1668380400,106.3699,106.8629,106.0529,106.4589,107.62304533192426,109.20596889257355,110.05923504987206,105.39569521207737,98.63128735599933,110.70878093414882,109.4096891655953,NaN,NaN,112.8048,110.0378,NaN,NaN,NaN,117412,NaN,117412,110.05923504987206
1668474000,106.5689,106.6969,104.8839,106.0899,107.1119968879495,108.76081619363447,109.90357485183786,105.40260272240496,98.64991060854365,110.5463569031802,109.26079280049552,NaN,NaN,110.9258,105.8649,NaN,NaN,NaN,148611,NaN,148611,109.90357485183786
1668560400,106.1969,106.3889,105.4349,105.8159,106.67996459196634,108.34011388025812,109.74327387725599,105.4067151331273,98.66780321626264,110.3824976182888,109.10405013622318,NaN,NaN,110.9258,105.8649,NaN,NaN,NaN,126867,NaN,126867,109.74327387725599
1668646800,105.9429,106.8609,105.6999,106.2739,106.54460972797756,108.04494046879267,109.60721999971653,105.41534383827032,98.68679471884376,110.23999665620526,108.9744433432278,NaN,NaN,110.9258,105.8649,NaN,NaN,NaN,106607,NaN,106607,109.60721999971653
1668733200,106.2389,106.6369,105.9379,106.5489,106.5460398186517,107.83122040182229,109.4872858820806,105.42662300405867,98.70642544364065,110.11482006742054,108.85975169674066,NaN,NaN,110.9258,105.8649,NaN,NaN,NaN,88627,NaN,88627,109.4872858820806
1668985200,106.5139,107.6019,106.4789,107.3879,106.82665987910114,107.76788891584768,109.4049570239598,105.44613819804813,98.72810203429324,110.02567100203689,108.7842430458827,NaN,NaN,110.9258,105.8649,NaN,NaN,NaN,80277,NaN,80277,109.4049570239598
1669078800,107.2919,107.3669,106.7169,106.7479,106.80040658606742,107.62217621358373,109.30075870929471,105.4590910517989,98.74812649862709,109.92019020826052,108.6813272103289,NaN,NaN,106.8629,104.8839,NaN,NaN,NaN,62804,NaN,62804,109.30075870929471
1669165200,106.7249,106.8389,105.6209,105.7029,106.43457105737828,107.34799389735748,109.159666210891,105.46151701148248,98.7654917258465,109.78194114264726,108.53739127913475,NaN,NaN,106.8629,104.8839,NaN,NaN,NaN,75971,NaN,75971,109.159666210891
1669251600,105.5639,105.6929,105.2379,105.4379,106.10234737158552,107.07512334059213,109.01371459477762,105.46128201634336,98.78215192128758,109.6398413435258,108.38758784602945,NaN,NaN,106.8629,104.8839,NaN,NaN,NaN,48131,NaN,48131,109.01371459477762
1669338000,105.5759,106.0619,105.3109,105.6579,105.95419824772368,106.87266286336468,108.8821140224334,105.46323841419068,98.79931983159648,109.51091806387903,108.25330998098777,NaN,NaN,106.8629,104.8839,NaN,NaN,NaN,50864,NaN,50864,108.8821140224334
1669590000,105.8519,106.3959,104.9439,106.2999,106.06943216514912,106.79083959716972,108.780850727436,105.47156340509426,98.81804787196702,109.41248486087625,108.14921659399576,NaN,NaN,106.8629,104.8839,NaN,NaN,NaN,72432,NaN,72432,108.780850727436
1669683600,106.2969,106.5359,105.7009,106.4419,106.19358811009941,106.74099108328834,108.68912716949734,105.48121849559084,98.8370837074927,109.32315934029283,108.05509499870185,NaN,NaN,107.6019,105.2379,NaN,NaN,NaN,74689,NaN,74689,108.68912716949734
1669770000,106.3619,106.8459,105.4129,105.6229,106.00335874006628,106.58126378567572,108.56888296677195,105.48262826180387,98.85402706902205,109.20733890641695,107.93042702712695,NaN,NaN,107.6019,105.2379,NaN,NaN,NaN,69940,NaN,69940,108.56888296677195
1669856400,105.2639,105.5749,104.2189,104.3159,105.44087249337751,106.25764038772205,108.4020993210162,105.47101902536801,98.8676647043054,109.05025590259685,107.75394273943554,NaN,NaN,107.6019,105.2379,NaN,NaN,NaN,76945,NaN,76945,108.4020993210162
1669942800,104.5059,105.2489,103.6969,103.6969,104.85954832891834,105.89182033233318,108.21758170058419,105.45336609974245,98.87972272002499,108.87752380060577,107.55763960056261,NaN,NaN,107.6019,105.2379,NaN,NaN,NaN,64007,NaN,64007,108.21758170058419
1670194800,104.1749,105.0349,103.7479,104.8849,104.86799888594555,105.7479745705713,108.08688830056128,105.44770972064053,98.89471692047437,108.75265050772286,107.4211260933997,NaN,NaN,107.6019,105.2379,NaN,NaN,NaN,59812,NaN,59812,108.08688830056128
1670288400,104.7699,105.2619,104.5279,105.1969,104.97763259063036,105.66924963191826,107.97355542602946,105.44521410152969,98.91045270843823,108.64262887084148,107.30448198121745,NaN,NaN,106.8459,103.6969,NaN,NaN,NaN,56100,NaN,56100,107.97355542602946
1670374800,105.2759,105.4729,104.5079,104.8669,104.94072172708691,105.55462825592994,107.85172580147929,105.43945973236023,98.92532523600767,108.52599447841278,107.1774571245458,NaN,NaN,106.8459,103.6969,NaN,NaN,NaN,55195,NaN,55195,107.85172580147929
1670461200,104.9069,105.1029,104.3749,104.4829,104.7881144847246,105.40152421936853,107.719614985735,105.42994172507306,98.93920182717868,108.39936964849831,107.0398603229717,NaN,NaN,106.8459,103.6969,NaN,NaN,NaN,51668,NaN,51668,107.719614985735
1670547600,104.4369,104.9129,104.1399,104.5839,104.7200429898164,105.28472075945874,107.59664577060815,105.42152339945045,98.95329595495102,108.28171015968634,106.91158138152996,NaN,NaN,106.8459,103.6969,NaN,NaN,NaN,50053,NaN,50053,107.59664577060815
1670799600,104.5719,104.8939,104.3139,104.6159,104.6853286598776,105.18917493667891,107.47975377960391,105.41350724622208,98.96743479151793,108.16948617022973,106.79002138897809,NaN,NaN,106.8459,103.6969,NaN,NaN,NaN,41595,NaN,41595,107.47975377960391
1670893200,104.5749,104.7269,103.1419,103.5969,104.32251910658506,104.96170708858192,107.32748500393316,105.39543155222982,98.97899400552163,108.02726580397122,106.6277042038951,NaN,NaN,105.4729,103.7479,NaN,NaN,NaN,58813,NaN,58813,107.32748500393316
1670979600,103.5649,103.8329,103.0519,103.1909,103.94531273772337,104.70873464735593,107.16526598417107,105.3734959148942,98.98951062473381,107.87540101649128,106.45513095185086,NaN,NaN,105.4729,103.7479,NaN,NaN,NaN,61834,NaN,61834,107.16526598417107
1671066000,103.2919,104.4849,103.0719,104.1789,104.02317515848225,104.63304398344793,107.04815359263495,105.36160938837784,99.00246790157593,107.7635781957067,106.3327289895632,NaN,NaN,105.4729,103.7479,NaN,NaN,NaN,52995,NaN,52995,107.04815359263495
1671152400,104.0359,104.4499,103.8059,104.3509,104.13241677232149,104.59273770009823,106.94237894194337,105.35155257854323,99.01582228883791,107.66171683802936,106.22304104585739,NaN,NaN,105.4729,103.7479,NaN,NaN,NaN,54809,NaN,54809,106.94237894194337
1671404400,104.3489,104.5359,103.7349,104.2449,104.16991118154766,104.5430466000842,106.83659545402402,105.34054111010002,99.02887866264855,107.55886655806216,106.11432434998588,NaN,NaN,105.4729,103.7479,NaN,NaN,NaN,68326,NaN,68326,106.83659545402402
1671498000,104.3469,104.3889,103.3649,103.5679,103.96924078769844,104.4037399429293,106.7084113185721,105.32290289009903,99.04021204925867,107.43855467014922,105.97826796699499,NaN,NaN,104.8939,103.0519,NaN,NaN,NaN,119006,NaN,119006,106.7084113185721
1671584400,103.5699,104.0239,103.4779,103.8659,103.93479385846562,104.32690566536797,106.59694028647124,105.30840534890402,99.0522612076875,107.33381284671401,105.86006772622846,NaN,NaN,104.8939,103.0519,NaN,NaN,NaN,71488,NaN,71488,106.59694028647124
1671670800,103.7699,104.2499,103.3919,104.0229,103.96416257231041,104.28347628460112,106.49599753013904,105.29561425090498,99.06467229081437,107.23739617722983,105.75459888304825,NaN,NaN,104.8939,103.0519,NaN,NaN,NaN,70165,NaN,70165,106.49599753013904
1671757200,104.1139,104.1909,103.7669,103.9499,103.95940838154027,104.23582252965811,106.3961505681728,105.28222405935368,99.07687011280984,107.14401495045789,105.64828618588771,NaN,NaN,104.8939,103.0519,NaN,NaN,NaN,61718,NaN,61718,106.3961505681728
1672102800,103.7509,104.0469,103.5259,103.8229,103.91390558769352,104.1768335968498,106.29523878118563,105.26770342194718,99.08872037470046,107.04964509338312,105.54083246898814,NaN,NaN,104.8939,103.0519,NaN,NaN,NaN,49147,NaN,49147,106.29523878118563
1672189200,103.9289,104.2029,103.4979,104.1499,103.99257039179568,104.17298594015698,106.21110784859012,105.25658099983825,99.10135752732293,106.9706158254421,105.45159987173814,NaN,NaN,104.5359,103.3649,NaN,NaN,NaN,60670,NaN,60670,106.21110784859012
1672275600,104.0159,104.1459,103.4629,103.6399,103.87501359453046,104.09683080584884,106.11027616825325,105.2404946217304,99.11268971826594,106.8740242472057,105.3465280893008,NaN,NaN,104.5359,103.3649,NaN,NaN,NaN,59284,NaN,59284,106.11027616825325
1672362000,103.5439,103.7909,103.0629,103.1209,103.62364239635365,103.95741211929901,105.99304573028253,105.21940412798185,99.12269773395067,106.7626584352586,105.22343302530646,NaN,NaN,104.5359,103.3649,NaN,NaN,NaN,74204,NaN,74204,105.99304573028253
1672707600,103.4019,104.5519,103.1379,104.3589,103.86872826423577,104.01476753082773,105.92896158399694,105.21084189785267,99.13577189691209,106.70134043145573,105.15658273653814,NaN,NaN,104.5359,103.3649,NaN,NaN,NaN,98514,NaN,98514,105.92896158399694
1672794000,104.2689,104.2879,103.4929,103.9439,103.89378550949051,104.00464359785234,105.85111603168333,105.19823551080937,99.14777721052779,106.62937411734215,105.07285794602451,NaN,NaN,104.2029,103.0629,NaN,NaN,NaN,100397,NaN,100397,105.85111603168333
1672880400,103.6879,104.9559,103.6799,104.8079,104.19849033966034,104.11939451244486,105.8102055990683,105.19435157537843,99.1619098517,106.59153697308493,105.02887422505167,NaN,NaN,104.2029,103.0629,NaN,NaN,NaN,86871,NaN,86871,105.8102055990683
1672966800,104.7349,105.3529,103.5229,103.5239,103.9736268931069,104.03432386780987,105.72054655596757,105.1777301666682,99.17280121286929,106.50947599361427,104.93161711832087,NaN,NaN,104.2029,103.0629,NaN,NaN,NaN,94552,NaN,94552,105.72054655596757
1673218800,103.5499,103.5769,102.5649,102.7919,103.57971792873794,103.85683474383704,105.60569767141982,105.15399056301976,99.18183766427286,106.40600342839856,104.80539191444107,NaN,NaN,104.2029,103.0629,NaN,NaN,NaN,87850,NaN,87850,105.60569767141982
1673312400,102.8549,103.1319,102.6529,102.8859,103.34844528582529,103.71812978043175,105.49903893920728,105.13142249771609,99.1910862593683,106.3103954461075,104.68768243230706,NaN,NaN,105.3529,103.1379,NaN,NaN,NaN,81809,NaN,81809,105.49903893920728
1673398800,102.8679,103.1109,102.7289,102.8059,103.16759685721686,103.58781124037007,105.39342564747366,105.10828297037563,99.20011201152968,106.21574809650645,104.57110319844088,NaN,NaN,105.3529,103.1379,NaN,NaN,NaN,63248,NaN,63248,105.39342564747366
1673485200,102.7669,102.9449,101.6849,101.8669,102.73403123814458,103.34196677746006,105.25513052404332,105.07603040350622,99.20677065819253,106.09218355710206,104.41807749098459,NaN,NaN,105.3529,103.1379,NaN,NaN,NaN,101944,NaN,101944,105.25513052404332
1673571600,101.8589,102.2629,101.5869,101.7969,102.42165415876305,103.12124295210862,105.11951364074751,105.04340224028725,99.21323789749792,105.97104915715663,104.2679781243384,NaN,NaN,105.3529,103.1379,NaN,NaN,NaN,87587,NaN,87587,105.11951364074751
1673823600,101.7629,102.1579,101.3639,102.0229,102.28873610584203,102.9643368160931,104.9980778116986,105.01334749162767,99.22025328352164,105.86259302263895,104.13356260075824,NaN,NaN,105.3529,103.1379,NaN,NaN,NaN,53819,NaN,53819,104.9980778116986
1673917200,101.9149,102.1759,101.5319,101.9669,102.18145740389468,102.8218458423655,104.87920809359277,104.98303458126321,99.22711132775754,105.75635047258598,104.00206571459955,NaN,NaN,103.5769,101.5869,NaN,NaN,NaN,80273,NaN,80273,104.87920809359277
1674003600,102.1099,102.4999,101.1139,101.9579,102.10693826926313,102.69842500774186,104.76464699188324,104.9529337396586,99.23392977637737,105.65398027253951,103.87531371122697,NaN,NaN,103.5769,101.5869,NaN,NaN,NaN,118325,NaN,118325,104.76464699188324
1674090000,102.0329,102.1059,101.6039,101.6509,101.95492551284208,102.54877857806446,104.64253926671135,104.92007768254757,99.23996465833397,105.5448485474797,103.740229985943,NaN,NaN,103.5769,101.5869,NaN,NaN,NaN,81540,NaN,81540,104.64253926671135
1674176400,101.7019,102.1669,101.5479,101.6009,101.83691700856139,102.41336735262668,104.52325929546777,104.88705103894013,99.24585962797609,105.43834372165884,103.6081748692767,NaN,NaN,103.5769,101.5869,NaN,NaN,NaN,67810,NaN,67810,104.52325929546777
1674428400,101.5389,101.8709,101.1759,101.5989,101.75757800570759,102.29701487368001,104.40857853878276,104.85433311815466,99.25173488483507,105.33504697562805,103.48211010193748,NaN,NaN,103.5769,101.5869,NaN,NaN,NaN,71164,NaN,71164,104.40857853878276
1674522000,101.5809,102.0219,101.3189,101.5019,101.67235200380506,102.18342703458286,104.294591145105,104.82097557469044,99.25735327463573,105.23245313024601,103.35672915996399,NaN,NaN,102.4999,101.1139,NaN,NaN,NaN,66828,NaN,66828,104.294591145105
1674608400,101.5489,102.0109,101.1569,101.2399,101.52820133587004,102.04863745821389,104.17479933549305,104.78534298190745,99.26230345372528,105.12422507115421,103.22537359983188,NaN,NaN,102.4999,101.1139,NaN,NaN,NaN,62244,NaN,62244,104.17479933549305
1674694800,101.2149,101.8049,101.1139,101.4019,101.48610089058002,101.95624639275476,104.06605818508156,104.75167688258499,99.26764576719913,105.02513565144773,103.10698071871539,NaN,NaN,102.4999,101.1139,NaN,NaN,NaN,64611,NaN,64611,104.06605818508156
1674781200,101.3249,101.8079,101.3069,101.5089,101.49370059372,101.89233976521837,103.96577747194111,104.71941044594234,99.27324190760562,104.93452037726242,102.9970345666198,NaN,NaN,102.4999,101.1139,NaN,NaN,NaN,57306,NaN,57306,103.96577747194111
1675033200,101.5469,101.9249,101.2699,101.8629,101.61676706248001,101.88813408447288,103.88331168872773,104.69098745643048,99.27970797025829,104.8598916396601,102.90673173779535,NaN,NaN,102.4999,101.1139,NaN,NaN,NaN,63959,NaN,63959,103.88331168872773
1675126800,101.7959,102.2419,101.6329,101.7119,101.64847804165333,101.86295778669104,103.79815828916978,104.66134479517247,99.28578085922143,104.78348982756097,102.81282675077858,NaN,NaN,102.0219,101.1139,NaN,NaN,NaN,62845,NaN,62845,103.79815828916978
1675213200,101.7099,101.8199,100.6359,100.7539,101.35028536110222,101.70452096002089,103.67877561116312,104.6224647474593,99.28944657492875,104.67658312638702,102.68096809593922,NaN,NaN,102.0219,101.1139,NaN,NaN,NaN,81118,NaN,81118,103.67877561116312
1675299600,100.5379,101.5459,100.4809,101.3429,101.34782357406814,101.65286082287504,103.58717264601947,104.58983226240996,99.29457379946076,104.5929961735775,102.58134911846143,NaN,NaN,102.0219,101.1139,NaN,NaN,NaN,93482,NaN,93482,103.58717264601947
1675386000,101.4479,102.6149,101.1629,102.5909,101.7621823827121,101.78686641960718,103.5481031304893,104.56994238915215,99.30280432680293,104.55807690861711,102.53812935236148,NaN,NaN,102.0219,101.1139,NaN,NaN,NaN,87566,NaN,87566,103.5481031304893
1675638000,102.7649,103.4169,102.6119,103.2529,102.25908825514139,101.99629978823472,103.53652653713678,104.5568374897576,99.31266723734774,104.54857769950546,102.5244753747681,NaN,NaN,102.0219,101.1139,NaN,NaN,NaN,70549,NaN,70549,103.53652653713678
1675731600,103.1689,103.6099,102.6399,102.9829,102.50035883676092,102.13724267562976,103.51481569254318,104.54117642020778,99.32183136409593,104.52940470949079,102.50022667559557,NaN,NaN,102.6149,100.4809,NaN,NaN,NaN,86673,NaN,86673,103.51481569254318
1675818000,102.9229,103.1489,102.6359,103.0839,102.69487255784061,102.27247943625409,103.49791703793365,104.52667615732014,99.33122479389843,104.514641158845,102.4811929170223,NaN,NaN,102.6149,100.4809,NaN,NaN,NaN,64406,NaN,64406,103.49791703793365
1675904400,103.1209,103.2139,102.2879,102.8599,102.74988170522707,102.35639665964636,103.47289676193625,104.51009131993386,99.34003546857035,104.49093981330503,102.45485371056748,NaN,NaN,102.6149,100.4809,NaN,NaN,NaN,62638,NaN,62638,103.47289676193625
1675990800,102.9079,103.3399,102.5559,103.2409,102.91355447015138,102.48275427969688,103.46379884970347,104.49746255058129,99.34977545491599,104.47925083816762,102.44834686123932,NaN,NaN,102.6149,100.4809,NaN,NaN,NaN,69503,NaN,69503,103.46379884970347
1676242800,103.2599,103.4959,102.8849,102.9199,102.91566964676758,102.54520366831161,103.44246948304843,104.48176541077451,99.35868962356788,104.4557993672615,102.42913959883535,NaN,NaN,102.6149,100.4809,NaN,NaN,NaN,50684,NaN,50684,103.44246948304843
1676336400,102.8389,103.1799,102.1509,102.8889,102.90674643117839,102.5943031442671,103.42076087587006,104.46591600370213,99.3675041313742,104.4255430650713,102.41597868666882,NaN,NaN,103.6099,102.2879,NaN,NaN,NaN,81214,NaN,81214,103.42076087587006
1676422800,102.8839,103.7639,102.8129,103.4989,103.10413095411893,102.72353126651466,103.4238251552477,104.45629395391406,99.37781972655179,104.41276326083378,102.43488704966161,NaN,NaN,103.6099,102.2879,NaN,NaN,NaN,61800,NaN,61800,103.4238251552477
1676509200,103.5509,103.9019,103.2019,103.6779,103.29538730274595,102.85986965701257,103.43378887464975,104.44854874044228,99.38855650626077,104.40533164717856,102.46224610212094,NaN,NaN,103.6099,102.2879,NaN,NaN,NaN,66303,NaN,66303,103.43378887464975
1676595600,103.8289,104.3349,103.5079,103.5499,103.3802248684973,102.95844542029648,103.43834225211447,104.43960696193041,99.39894687703165,104.39867997122597,102.47800453300296,NaN,NaN,103.6099,102.2879,NaN,NaN,NaN,51126,NaN,51126,103.43834225211447
1676847600,103.5879,103.7499,103.4179,103.5109,103.42378324566486,103.03736750311127,103.44118765399233,104.43036609663757,99.40921392602782,104.39249421043058,102.48988109755408,NaN,NaN,103.6099,102.2879,NaN,NaN,NaN,26332,NaN,26332,103.44118765399233
1676941200,103.6099,103.9209,103.4179,103.8369,103.56148883044324,103.15158643123823,103.45670578520831,104.42446096134765,99.42026932196782,104.39725927512534,102.51615229529129,NaN,NaN,104.3349,102.1509,NaN,NaN,NaN,50208,NaN,50208,103.45670578520831
1677027600,103.7379,104.2409,103.6649,104.1519,103.75829255362882,103.29448836963277,103.48396830343543,104.421748911981,99.43208363077689,104.41500662274251,102.55292998412835,NaN,NaN,104.3349,102.1509,NaN,NaN,NaN,42336,NaN,42336,103.48396830343543
1677114000,104.1089,104.4329,103.9489,104.2319,103.91616170241922,103.4284043168281,103.51329895820267,104.41985986808069,99.44406819099967,104.43941585864074,102.5871820577646,NaN,NaN,104.3349,102.1509,NaN,NaN,NaN,41047,NaN,41047,103.51329895820267
1677200400,104.1199,104.9459,104.0639,104.8729,104.23507446827948,103.6347608429955,103.56661664611629,104.42436773008984,99.45762332660267,104.48356063165478,102.64967266057779,NaN,NaN,104.3349,102.1509,NaN,NaN,NaN,50395,NaN,50395,103.56661664611629
1677452400,104.8389,104.9719,104.1679,104.2729,104.24768297885299,103.72592357971044,103.5943140325431,104.4228605884969,99.46964648933275,104.49790206206615,102.69072600302005,NaN,NaN,104.3349,102.1509,NaN,NaN,NaN,37752,NaN,37752,103.5943140325431
1677546000,104.2999,104.6199,104.0399,104.5809,104.35875531923533,103.84806306832323,103.63300367832572,104.42443311995464,99.4824086703831,104.5201684552837,102.74583890136775,NaN,NaN,104.9459,103.4179,NaN,NaN,NaN,37914,NaN,37914,103.63300367832572
1677632400,104.6729,104.6789,103.7279,104.0259,104.24780354615689,103.87346834427706,103.64841137721491,104.4204676162735,99.49375321802259,104.51664006002736,102.78018269440247,NaN,NaN,104.9459,103.4179,NaN,NaN,NaN,43049,NaN,43049,103.64841137721491
1677718800,104.1169,104.8119,104.0999,104.5899,104.36183569743793,103.97581572366605,103.68533249967707,104.42215351063894,99.50647767940082,104.53254387363108,102.83812112572306,NaN,NaN,104.9459,103.4179,NaN,NaN,NaN,36646,NaN,36646,103.68533249967707
1677805200,104.4819,104.6409,104.1149,104.1809,104.30152379829195,104.00511347742804,103.70476651929758,104.41975297819477,99.51814914586923,104.53026288676679,102.87927015182836,NaN,NaN,104.9459,103.4179,NaN,NaN,NaN,33543,NaN,33543,103.70476651929758
1678057200,104.2239,104.3179,103.7889,103.8739,104.15898253219464,103.98636869493832,103.71139920481532,104.41432160527741,99.52902492827654,104.51885192537593,102.90394648425472,NaN,NaN,104.9459,103.4179,NaN,NaN,NaN,28978,NaN,28978,103.71139920481532
1678150800,103.9509,105.2499,103.7339,105.2099,104.50928835479642,104.1611588813757,103.77016394188139,104.42223780820997,99.54320938538447,104.55311182179099,102.9872160619718,NaN,NaN,104.9719,103.7279,NaN,NaN,NaN,41950,NaN,41950,103.77016394188139
1678237200,105.2339,105.4879,104.9509,105.2359,104.75149223653095,104.31469332689346,103.8276437872978,104.43033394942181,99.55742334447216,104.59244201938058,103.06284555521502,NaN,NaN,104.9719,103.7279,NaN,NaN,NaN,34300,NaN,34300,103.8276437872978
1678323600,105.2239,105.3369,104.7319,104.8399,104.78096149102063,104.38972285162296,103.86734010936455,104.43440923350717,99.57061304898033,104.61394692122525,103.12073329750385,NaN,NaN,104.9719,103.7279,NaN,NaN,NaN,26655,NaN,26655,103.86734010936455
1678410000,104.7249,104.9529,103.5709,104.1929,104.58494099401375,104.36160530139111,103.88010716389927,104.43200615655685,99.58215433974443,104.60194936168612,103.15826496611241,NaN,NaN,104.9719,103.7279,NaN,NaN,NaN,57999,NaN,57999,103.88010716389927
1678658400,103.7369,104.0189,103.0449,103.1919,104.12059399600916,104.19450454404952,103.85311864766793,104.41966679181499,99.59116743752286,104.55009260413766,103.1561446911982,NaN,NaN,104.9719,103.7279,NaN,NaN,NaN,154809,NaN,154809,103.85311864766793
1678752000,103.2539,103.6259,103.0529,103.2169,103.8193626640061,104.05484675204245,103.82816889677899,104.40769896304072,99.60022045266012,104.50462155609888,103.1517162374591,NaN,NaN,105.4879,103.5709,NaN,NaN,NaN,106425,NaN,106425,103.82816889677899
1678838400,103.3069,104.6949,103.0189,104.3159,103.98487510933741,104.09214007317924,103.84729560670922,104.4067855405229,99.61199493342751,104.5007450856183,103.19384612780014,NaN,NaN,105.4879,103.5709,NaN,NaN,NaN,114911,NaN,114911,103.84729560670922
1678924800,104.3299,104.3689,103.8599,104.0709,104.0135500728916,104.08910577701077,103.85606440644612,104.40344339584108,99.62312827941146,104.49263780079504,103.21949101209721,NaN,NaN,105.4879,103.5709,NaN,NaN,NaN,100757,NaN,100757,103.85606440644612
1679011200,104.0499,104.0959,103.3039,103.4559,103.82766671526107,103.99864780886638,103.8403716846247,104.39401510334515,99.63269824625438,104.46658306577167,103.21416030347773,NaN,NaN,105.4879,103.5709,NaN,NaN,NaN,72875,NaN,72875,103.8403716846247
1679263200,103.3439,103.5909,102.8619,102.8739,103.50974447684072,103.8379695504569,103.80247083424726,104.37888957992878,99.6407911345284,104.4139053707659,103.19103629772862,NaN,NaN,105.4879,103.5709,NaN,NaN,NaN,70024,NaN,70024,103.80247083424726
1679356800,102.9129,103.0969,102.5929,102.8049,103.27479631789382,103.69038818610592,103.76335040937482,104.3632279920688,99.64869153119625,104.35830052333705,103.1684002954126,NaN,NaN,104.6949,103.0189,NaN,NaN,NaN,46835,NaN,46835,103.76335040937482
1679443200,102.7739,102.8629,101.6229,102.1319,102.89383087859588,103.46774701666222,103.69937196194836,104.341025723491,99.65489180202972,104.27198407784937,103.12675984604735,NaN,NaN,104.6949,103.0189,NaN,NaN,NaN,59355,NaN,59355,103.69937196194836
1679529600,102.0179,102.2429,101.5039,102.1849,102.65752058573058,103.28448315713904,103.63998090461705,104.31957173619259,99.66120892611954,104.18835533975681,103.09160646947728,NaN,NaN,104.6949,103.0189,NaN,NaN,NaN,70148,NaN,70148,103.63998090461705
1679616000,102.2139,102.9709,102.1149,102.7249,102.67998039048706,103.20454270611917,103.60409537894579,104.30370435573296,99.66885859172224,104.12061628209021,103.08757447580136,NaN,NaN,104.6949,103.0189,NaN,NaN,NaN,65633,NaN,65633,103.60409537894579
1679868000,102.6719,102.8389,102.4169,102.4289,102.59628692699137,103.093736605245,103.5580092856538,104.28504958602417,99.67575008088149,104.03076605896767,103.08525251233992,NaN,NaN,104.6949,103.0189,NaN,NaN,NaN,41161,NaN,41161,103.5580092856538
1679961600,102.3639,102.3639,101.9739,102.0059,102.39949128466091,102.93833137592428,103.49714225484384,104.2623714806906,99.68156818305157,103.94343559625267,103.050848913435,NaN,NaN,103.5909,101.5039,NaN,NaN,NaN,40528,NaN,40528,103.49714225484384
1680048000,102.0399,102.4349,101.9579,102.2529,102.35062752310728,102.8404126079351,103.4483484409284,104.2423767395892,99.68798848721373,103.87185614485288,103.02484073700391,NaN,NaN,103.5909,101.5039,NaN,NaN,NaN,48519,NaN,48519,103.4483484409284
1680134400,102.2449,102.3849,101.6749,101.7919,102.16438501540485,102.69062509251579,103.38338967853905,104.21799388645897,99.69324169948037,103.78804233085702,102.97873702622107,NaN,NaN,103.5909,101.5039,NaN,NaN,NaN,43482,NaN,43482,103.38338967853905
1680220800,101.8269,102.2559,101.6569,102.2329,102.18722334360324,102.62523579358496,103.3382724362434,104.19824170848426,99.69958291870763,103.71309057723403,102.96345429525277,NaN,NaN,103.5909,101.5039,NaN,NaN,NaN,45145,NaN,45145,103.3382724362434
1680472800,102.2579,102.6659,101.5739,101.6489,102.00778222906882,102.48575925164425,103.27202253678287,104.17287512432024,99.7044501274,103.6379061659135,102.90613890765223,NaN,NaN,103.5909,101.5039,NaN,NaN,NaN,47439,NaN,47439,103.27202253678287
1680566400,101.6259,101.8679,101.0549,101.1729,101.72948815271255,102.29820792998079,103.18970400592865,104.14302462557079,99.70811666890461,103.55617135968039,102.8232366521769,NaN,NaN,102.8389,101.6569,NaN,NaN,NaN,46390,NaN,46390,103.18970400592865
1680652800,101.1359,101.5979,101.0059,101.4859,101.64829210180837,102.18216393998354,103.1228881625589,104.11658557457008,99.71255557859523,103.48617585935986,102.75960046575793,NaN,NaN,102.8389,101.6569,NaN,NaN,NaN,46948,NaN,46948,103.1228881625589
1680739200,101.4739,101.7459,101.3159,101.4519,101.58282806787224,102.07784051998588,103.05735921500757,104.090071290246,99.71689851098326,103.4188885861822,102.69582984383293,NaN,NaN,102.8389,101.6569,NaN,NaN,NaN,37529,NaN,37529,103.05735921500757
1680825600,101.5549,101.9019,101.4829,101.6399,101.60185204524817,102.01527758855933,103.00177257912492,104.06569147641271,99.72170001282849,103.36170366728194,102.64184149096789,NaN,NaN,102.8389,101.6569,NaN,NaN,NaN,7184,NaN,7184,103.00177257912492
1681077600,101.6389,102.3799,101.5619,102.1119,101.77186803016545,102.02908079019372,102.96687561523767,104.04625076520462,99.72766805274652,103.3215093717341,102.61224185874124,NaN,NaN,102.8389,101.6569,NaN,NaN,NaN,31357,NaN,31357,102.96687561523767
1681171200,102.0339,102.0889,101.5809,101.7059,101.74987868677697,101.98291210588033,102.9174255911107,104.02296369291402,99.73260745835765,103.26597171978744,102.56887946243396,NaN,NaN,102.6659,101.0059,NaN,NaN,NaN,31730,NaN,31730,102.9174255911107
1681257600,101.6849,101.7389,101.0059,101.0799,101.52655245785131,101.85391037646886,102.84536576400832,103.99367947706413,99.73597148467886,103.18393543389256,102.50679609412408,NaN,NaN,102.6659,101.0059,NaN,NaN,NaN,44339,NaN,44339,102.84536576400832
1681344000,101.0699,101.1799,100.4179,100.5819,101.21166830523421,101.67219460840188,102.75660240071387,103.95973142256598,99.73808366574083,103.09101771557778,102.42218708584997,NaN,NaN,102.6659,101.0059,NaN,NaN,NaN,37788,NaN,37788,102.75660240071387
1681430400,100.5739,101.3069,100.3349,101.1469,101.19007887015614,101.59715252148733,102.69347681637215,103.93174305020214,99.74160130952176,103.02638714899294,102.36056648375137,NaN,NaN,102.6659,101.0059,NaN,NaN,NaN,43676,NaN,43676,102.69347681637215
1681682400,101.1769,101.7919,101.1059,101.6759,101.35201924677077,101.60840216127485,102.65357184318108,103.90929685069764,99.74643101911096,102.98400140710599,102.32314227925617,NaN,NaN,102.6659,101.0059,NaN,NaN,NaN,36298,NaN,36298,102.65357184318108
1681776000,101.6579,101.7149,101.2119,101.3029,101.33564616451385,101.56475899537844,102.60060431991909,103.88336255367578,99.75031733366998,102.92843693440675,102.27277170543142,NaN,NaN,102.3799,100.3349,NaN,NaN,NaN,35494,NaN,35494,102.60060431991909
1681862400,101.2649,101.7989,101.2239,101.5109,101.3940641096759,101.55706485318152,102.55787081717716,103.8597559611019,99.75471329538367,102.87845862631124,102.23728300804308,NaN,NaN,102.3799,100.3349,NaN,NaN,NaN,41014,NaN,41014,102.55787081717716
1681948800,101.5639,101.6979,101.2039,101.3559,101.38134273978393,101.52832701701273,102.51073470669962,103.83484197143919,99.75871126468358,102.82300854360476,102.19846086979449,NaN,NaN,102.3799,100.3349,NaN,NaN,NaN,39967,NaN,39967,102.51073470669962
1682035200,101.3749,101.6999,101.2169,101.2639,101.34219515985596,101.49055172886806,102.46183922800552,103.80926045928557,99.76246953867938,102.77043288177516,102.15324557423587,NaN,NaN,102.3799,100.3349,NaN,NaN,NaN,39953,NaN,39953,102.46183922800552
1682287200,101.3009,101.4779,100.8919,100.9079,101.19743010657064,101.40731576760119,102.4009004347504,103.78039120098421,99.76532953983124,102.71206017884776,102.08974069065303,NaN,NaN,102.3799,100.3349,NaN,NaN,NaN,38741,NaN,38741,102.4009004347504
1682380800,100.8339,101.5019,100.7639,101.4289,101.27458673771376,101.41039922937244,102.36278277064254,103.75699327858636,99.76948327381419,102.67573197777813,102.04983356350695,NaN,NaN,101.7989,101.1059,NaN,NaN,NaN,47089,NaN,47089,102.36278277064254
1682467200,101.3739,101.4499,100.5649,100.9979,101.1823578251425,101.35147076803352,102.30925795610754,103.72953961412281,99.7725504816199,102.6220880974232,101.99642781479189,NaN,NaN,101.7989,101.1059,NaN,NaN,NaN,53052,NaN,53052,102.30925795610754
1682553600,100.9589,101.3879,100.8209,101.0469,101.13720521676167,101.30796065831444,102.2597537225347,103.702846682639,99.77573237804532,102.57062080597323,101.94888663909616,NaN,NaN,101.7989,101.1059,NaN,NaN,NaN,46471,NaN,46471,102.2597537225347
1682640000,101.0229,101.7869,100.9799,101.1989,101.15777014450778,101.29238056426952,102.21815161576863,103.67793179027444,99.77928585525369,102.52764318143025,101.90866005010702,NaN,NaN,101.7989,101.1059,NaN,NaN,NaN,59915,NaN,59915,102.21815161576863
1682892000,101.2059,101.7639,101.1849,101.6789,101.33148009633852,101.34759762651673,102.19700449358163,103.65804092668962,99.78402896173246,102.5049834731658,101.88902551399747,NaN,NaN,101.7989,101.1059,NaN,NaN,NaN,31708,NaN,31708,102.19700449358163
1682985600,101.7249,101.9779,101.4319,101.4949,101.38595339755902,101.36864082272862,102.16947098402942,103.63651713637431,99.78830079953089,102.47585083767817,101.86309113038067,NaN,NaN,101.7869,100.5649,NaN,NaN,NaN,51193,NaN,51193,102.16947098402942
1683072000,101.4229,101.4849,100.6539,100.8489,101.20693559837268,101.29439213376739,102.1176838866165,103.60877965243029,99.79094898729736,102.42420421908368,101.81116355414933,NaN,NaN,101.7869,100.5649,NaN,NaN,NaN,54980,NaN,54980,102.1176838866165
1683158400,100.8179,101.2259,100.5769,100.9859,101.13325706558179,101.25032182894347,102.07330020478841,103.58268134743098,99.79393263526914,102.38208755013638,101.76451285944044,NaN,NaN,101.7869,100.5649,NaN,NaN,NaN,66312,NaN,66312,102.07330020478841
1683244800,100.9229,101.3559,100.7009,100.8559,101.04080471038786,101.19397585338012,102.0255590202869,103.55554919472023,99.79658423917608,102.33749992513263,101.71361811544118,NaN,NaN,101.7869,100.5649,NaN,NaN,NaN,47571,NaN,47571,102.0255590202869
1683496800,100.8149,100.9679,100.5979,100.9589,101.01350314025858,101.16039358861154,101.98372925478546,103.52971188930013,99.79948640087602,102.29629784384348,101.67116066572744,NaN,NaN,101.7869,100.5649,NaN,NaN,NaN,28982,NaN,28982,101.98372925478546
1683590400,100.9949,101.4159,100.9219,101.1939,101.07363542683905,101.1651802188099,101.95275555851936,103.50646997995386,99.80296808277146,102.26445182108421,101.6410592959545,NaN,NaN,101.9779,100.5769,NaN,NaN,NaN,31766,NaN,31766,101.95275555851936
1683676800,101.1909,101.3779,100.7819,100.9859,101.04439028455937,101.1395687589799,101.9148396542637,103.48138968164587,99.80592172051735,102.22645046250969,101.60322884601771,NaN,NaN,101.9779,100.5769,NaN,NaN,NaN,41716,NaN,41716,101.9148396542637
1683763200,100.9769,101.7249,100.8779,101.6209,101.23656018970625,101.20833036483992,101.90331260899846,103.46287734650511,99.81045350148983,102.21485270717514,101.59177251082178,NaN,NaN,101.9779,100.5769,NaN,NaN,NaN,44454,NaN,44454,101.90331260899846
1683849600,101.6609,102.2919,101.5079,102.2819,101.5850067931375,101.36169745557707,101.91815917335147,103.45112632813192,99.81662440410784,102.22805757278546,101.60826077391748,NaN,NaN,101.9779,100.5769,NaN,NaN,NaN,31962,NaN,31962,101.91815917335147
1684101600,102.2859,102.3249,101.9319,102.0129,101.72763786209167,101.45472639049463,101.92187449988671,103.43681561839927,99.82210823830482,102.22983225282852,101.61391674694491,NaN,NaN,101.9779,100.5769,NaN,NaN,NaN,28177,NaN,28177,101.92187449988671
1684195200,102.0109,102.2729,101.7879,102.1839,101.87972524139444,101.5588940489954,101.93215000969508,103.42434879632565,99.82800534632403,102.23814779934702,101.62615222004314,NaN,NaN,102.2919,100.5979,NaN,NaN,NaN,34915,NaN,34915,101.93215000969508
1684281600,102.1819,102.6949,102.1179,102.4169,102.05878349426295,101.68146632771034,101.95115981323644,103.41432443019305,99.83446950276267,102.25538932363398,101.64693030283891,NaN,NaN,102.2919,100.5979,NaN,NaN,NaN,33607,NaN,33607,101.95115981323644
1684368000,102.4899,103.2069,102.3859,103.0979,102.40515566284196,101.88381399518029,101.99613001663893,103.41117592840008,99.84261789351733,102.2979069261214,101.69435310715646,NaN,NaN,102.2919,100.5979,NaN,NaN,NaN,31208,NaN,31208,101.99613001663893
1684454400,103.0829,103.2039,102.5859,102.7509,102.52040377522798,102.00768342444024,102.02572883951584,103.40460601866477,99.84987952174825,102.3261929598626,101.72526471916908,NaN,NaN,102.2919,100.5979,NaN,NaN,NaN,38162,NaN,38162,102.02572883951584
1684706400,102.7599,102.9509,102.5529,102.8099,102.61690251681866,102.12228579237735,102.0564806497309,103.39868854584223,99.85727033442802,102.35662925558618,101.75633204387562,NaN,NaN,102.2919,100.5979,NaN,NaN,NaN,30499,NaN,30499,102.0564806497309
1684800000,102.8419,103.2329,102.7519,103.1309,102.78823501121244,102.26637353632344,102.09861474189832,103.39602398319704,99.8654441912709,102.39548606502858,101.80174341876805,NaN,NaN,103.2069,101.7879,NaN,NaN,NaN,32293,NaN,32293,102.09861474189832
1684886400,103.1119,103.5039,102.9439,103.4929,103.0231233408083,102.44159160256295,102.15329259515721,103.39698792366273,99.87450150914538,102.44896843051723,101.8576167597972,NaN,NaN,103.2069,101.7879,NaN,NaN,NaN,37613,NaN,37613,102.15329259515721
1684972800,103.4739,103.9109,103.4669,103.8309,103.29238222720554,102.64006423076825,102.21908112083732,103.40130545676062,99.88438015706261,102.51088060823756,101.92728163343708,NaN,NaN,103.2069,101.7879,NaN,NaN,NaN,35683,NaN,35683,102.21908112083732
1685059200,103.8259,104.0089,103.4349,103.8299,103.47155481813702,102.81004076922993,102.28225048864762,103.40557007908141,99.89423164231339,102.57485211837984,101.9896488589154,NaN,NaN,103.2069,101.7879,NaN,NaN,NaN,32616,NaN,32616,102.28225048864762
1685311200,103.8019,103.8779,103.6229,103.8589,103.60066987875801,102.95987780219708,102.34407988124967,103.4100808245632,99.90413093908664,102.6386513016485,102.04950846085084,NaN,NaN,103.2069,101.7879,NaN,NaN,NaN,12212,NaN,12212,102.34407988124967
1685404800,103.8859,104.1059,103.4429,103.5939,103.59841325250534,103.05045240188322,102.39309243492616,103.41190987108496,99.91334384560578,102.68882247831955,102.09736239153277,NaN,NaN,104.0089,102.5529,NaN,NaN,NaN,28157,NaN,28157,102.39309243492616
1685491200,103.6169,104.2399,103.5799,103.8019,103.6662421683369,103.15780205875704,102.44833979041925,103.41579036988013,99.9230530994245,102.74580824188143,102.15087133895707,NaN,NaN,104.0089,102.5529,NaN,NaN,NaN,31535,NaN,31535,102.44833979041925
1685577600,103.7569,104.0839,103.0859,103.1359,103.48946144555794,103.15467319322032,102.47530293589301,103.41300539107534,99.93107518906388,102.77280995214961,102.17779591963641,NaN,NaN,104.0089,102.5529,NaN,NaN,NaN,25623,NaN,25623,102.47530293589301
1685664000,103.1169,103.6419,102.9619,103.6159,103.53160763037195,103.22056273704598,102.52003223252466,103.41502424290545,99.94027575038956,102.81831787845059,102.22174658659873,NaN,NaN,104.0089,102.5529,NaN,NaN,NaN,23801,NaN,23801,102.52003223252466
1685916000,103.6139,103.9619,103.4919,103.5629,103.54203842024796,103.26946806032512,102.56092900771976,103.41649564347355,99.94932100444602,102.86009661428112,102.26176140115841,NaN,NaN,104.0089,102.5529,NaN,NaN,NaN,19321,NaN,19321,102.56092900771976
1686009600,103.5839,103.9359,103.3849,103.7029,103.59565894683197,103.3313869088501,102.60571218388762,103.41934543806586,99.95869323664466,102.90596348915605,102.30546087861919,NaN,NaN,104.2399,102.9619,NaN,NaN,NaN,18844,NaN,18844,102.60571218388762
1686096000,103.6529,103.8729,103.1879,103.6999,103.63040596455465,103.38403163615723,102.64862151000968,103.42213702574679,99.96803457687776,102.94987181991121,102.34737120010814,NaN,NaN,104.2399,102.9619,NaN,NaN,NaN,19838,NaN,19838,102.64862151000968
1686182400,103.6289,103.6659,102.8789,102.9029,103.38790397636977,103.31529854527763,102.6585932154995,103.41697048817717,99.97536258043112,102.9590866739403,102.35809975705868,NaN,NaN,104.2399,102.9619,NaN,NaN,NaN,17374,NaN,17374,102.6585932154995
1686268800,102.9099,103.1969,102.8969,103.1099,103.29523598424652,103.28595589595226,102.67629152077403,103.41391506043412,99.98318914077961,102.97607382828548,102.37650921326258,NaN,NaN,104.2399,102.9619,NaN,NaN,NaN,17575,NaN,17575,102.67629152077403
1686520800,103.1529,103.3279,102.8359,103.1939,103.261457322831,103.27280505367337,102.69658989250838,103.41172585585268,99.99120589698241,102.99570361187911,102.39747617313766,NaN,NaN,104.2399,102.9619,NaN,NaN,NaN,15006,NaN,15006,102.69658989250838
1686614400,103.1439,103.1939,102.5949,102.8629,103.12860488188734,103.21424718886288,102.70311185750806,103.4062649020631,99.99837616939944,103.0010013245882,102.40522239042792,NaN,NaN,103.9619,102.8789,NaN,NaN,NaN,19993,NaN,19993,102.70311185750806
1686700800,102.8649,102.9559,102.2219,102.5659,102.9410365879249,103.12162616188247,102.69773100035088,103.39790306224158,100.00478696548083,102.99360345255322,102.40185854814855,NaN,NaN,103.9619,102.8789,NaN,NaN,NaN,14898,NaN,14898,102.69773100035088
1686787200,102.5059,102.9349,101.6669,101.7439,102.5419910586166,102.9248081387564,102.66032586308222,103.38144532032874,100.00912932012383,102.95543089099121,102.36522083517323,NaN,NaN,103.9619,102.8789,NaN,NaN,NaN,43991,NaN,43991,102.66032586308222
1686873600,101.7109,101.9839,101.5599,101.8329,102.30562737241107,102.7688212617912,102.62787779002018,103.36603690918119,100.01368305465536,102.92231905478664,102.33343652525372,NaN,NaN,103.9619,102.8789,NaN,NaN,NaN,44582,NaN,44582,102.62787779002018
1687125600,101.8259,102.1019,101.8089,102.0399,102.21705158160738,102.66468965296389,102.60481983747037,103.35284151705004,100.0187422729958,102.89900241448007,102.31063726046068,NaN,NaN,103.9619,102.8789,NaN,NaN,NaN,20643,NaN,20643,102.60481983747037
1687219200,102.0349,102.3299,101.8809,102.0789,102.17100105440493,102.58100541682619,102.58419553011859,103.34016548205452,100.02388623735786,102.87779513433719,102.29059592589999,NaN,NaN,103.3279,101.5599,NaN,NaN,NaN,36252,NaN,36252,102.58419553011859
1687305600,102.0639,102.2539,101.5729,101.6499,101.99730070293661,102.4479903572796,102.54755648972179,103.32334692004402,100.02794619681514,102.83838351115809,102.25672946828549,NaN,NaN,103.3279,101.5599,NaN,NaN,NaN,41711,NaN,41711,102.54755648972179
1687392000,101.6129,102.0359,101.4509,101.9679,101.9875004686244,102.37940602052537,102.52482486267387,103.30985988601373,100.03279002653595,102.81430444851017,102.23534527683756,NaN,NaN,103.3279,101.5599,NaN,NaN,NaN,40452,NaN,40452,102.52482486267387
1687478400,101.9679,102.7339,101.9359,102.4649,102.1466336457496,102.3916194461646,102.5224748680592,103.30145232495886,100.03886271061451,102.81199005084937,102.23295968526904,NaN,NaN,103.3279,101.5599,NaN,NaN,NaN,45546,NaN,45546,102.5224748680592
1687730400,102.4029,102.4159,102.1919,102.3319,102.2083890971664,102.38308809671251,102.5150013438216,103.29180503814335,100.04458814704243,102.80424027830664,102.22576240933655,NaN,NaN,103.3279,101.5599,NaN,NaN,NaN,33281,NaN,33281,102.5150013438216
1687824000,102.3389,102.3819,101.8929,102.0809,102.16589273144427,102.33991836861072,102.49797776171094,103.27975623179367,100.0496725711447,102.7874359041895,102.20851961923239,NaN,NaN,102.7339,101.4509,NaN,NaN,NaN,41582,NaN,41582,102.49797776171094
1687910400,102.0979,102.7229,102.0499,102.5829,102.30489515429618,102.37463003023777,102.50130804556541,103.27282233894,100.05599773326419,102.79055407944615,102.21206201168467,NaN,NaN,102.7339,101.4509,NaN,NaN,NaN,39033,NaN,39033,102.50130804556541
1687996800,102.5639,103.0349,102.3289,102.9079,102.50589676953078,102.45081145448951,102.51725282809225,103.26919127089084,100.06311858786279,102.80652466273149,102.22798099345302,NaN,NaN,102.7339,101.4509,NaN,NaN,NaN,42247,NaN,42247,102.51725282809225
1688083200,102.9409,103.1579,102.3529,102.4719,102.49456451302052,102.45382410384815,102.51547428581412,103.26125802441432,100.06913302334877,102.80437224915426,102.22657632247399,NaN,NaN,102.7339,101.4509,NaN,NaN,NaN,45207,NaN,45207,102.51547428581412
1688335200,102.5139,102.8669,102.3239,102.5339,102.50767634201368,102.46526351758413,102.51619686284101,103.25402063113657,100.07528724800957,102.80501034650673,102.2273833791753,NaN,NaN,102.7339,101.4509,NaN,NaN,NaN,35007,NaN,35007,102.51619686284101
1688428800,102.5629,102.6739,102.4569,102.6389,102.55141756134246,102.49006872935783,102.52100875057273,103.24790002784168,100.0816882786013,102.8097457636521,102.23227173749336,NaN,NaN,103.1579,101.8929,NaN,NaN,NaN,18724,NaN,18724,102.52100875057273
1688515200,102.6209,102.9609,102.5319,102.9129,102.67191170756163,102.55047319659242,102.536377034864,103.24456669423131,100.08875747141379,102.82436785354923,102.24838621617877,NaN,NaN,103.1579,101.8929,NaN,NaN,NaN,36311,NaN,36311,102.536377034864
1688601600,102.9289,103.1739,102.5089,102.6949,102.67957447170775,102.57110559707922,102.54259362173208,103.2390973738907,100.09526469370738,102.82935332918031,102.25583391428385,NaN,NaN,103.1579,101.8929,NaN,NaN,NaN,51998,NaN,51998,102.54259362173208
1688688000,102.6999,102.7699,101.8069,101.8179,102.39234964780516,102.46350479749648,102.5141742640171,103.2249561064888,100.09956590545842,102.80060562816146,102.22774289987274,NaN,NaN,103.1579,101.8929,NaN,NaN,NaN,50117,NaN,50117,102.5141742640171
1688940000,101.8649,102.1309,101.5099,101.5189,102.10119976520345,102.32856125499698,102.47514390072232,103.20798042383717,100.10310981081308,102.76185092342297,102.18843687802166,NaN,NaN,103.1579,101.8929,NaN,NaN,NaN,38899,NaN,38899,102.47514390072232
1689033600,101.4939,101.5349,101.2079,101.2179,101.80676651013563,102.16989536142599,102.42584021834105,103.18817862857512,100.10589330691592,102.712706455675,102.1389739810071,NaN,NaN,103.1739,101.8069,NaN,NaN,NaN,40819,NaN,40819,102.42584021834105
1689120000,101.1669,101.1749,100.0679,100.1409,101.25147767342375,101.88003888122228,102.33623471958258,103.15785744819128,100.10598071438929,102.62636594784972,102.04610349131544,NaN,NaN,103.1739,101.8069,NaN,NaN,NaN,56480,NaN,56480,102.33623471958258
1689206400,100.0769,100.1839,99.304,99.314,100.6056517822825,101.51346189819053,102.21771571097149,103.11961011039833,100.10400323445323,102.51521741810214,101.92021400384084,NaN,NaN,103.1739,101.8069,NaN,NaN,NaN,53552,NaN,53552,102.21771571097149
1689292800,99.345,99.585,99.142,99.496,100.235767854855,101.22525305559188,102.11098176152163,103.08355428840432,100.10248512400516,102.4111999015454,101.81076362149786,NaN,NaN,103.1739,101.8069,NaN,NaN,NaN,54421,NaN,54421,102.11098176152163
1689544800,99.525,99.733,99.319,99.449,99.97351190323667,100.97150261907875,102.00659031989333,103.0473895691167,100.10085345078667,102.31192738694443,101.70125325284224,NaN,NaN,103.1739,101.8069,NaN,NaN,NaN,37238,NaN,37238,102.00659031989333
1689638400,99.479,99.651,99.099,99.484,99.81034126882444,100.75900224492464,101.90766520930929,103.01193295648868,100.09931324242017,102.21604365124357,101.599286767375,NaN,NaN,102.1309,99.142,NaN,NaN,NaN,56927,NaN,56927,101.90766520930929
1689724800,99.505,100.1019,99.468,99.83,99.81689417921629,100.62628763850684,101.82618814227754,102.98027193204601,100.09864079986731,102.13753720390616,101.51483908064893,NaN,NaN,102.1309,99.142,NaN,NaN,NaN,49481,NaN,49481,101.82618814227754
1689811200,99.82,100.5389,99.603,100.3959,100.00989611947753,100.59337511872015,101.77009841120784,102.95455678844355,100.09938302009236,102.07928558532618,101.4609112370895,NaN,NaN,102.1309,99.142,NaN,NaN,NaN,48587,NaN,48587,101.77009841120784
1689897600,100.3879,100.7739,100.3039,100.6419,100.2205640796517,100.60030724461727,101.72585533625852,102.93154527811079,100.10073761929313,102.03351453807831,101.41819613443873,NaN,NaN,102.1309,99.142,NaN,NaN,NaN,45736,NaN,45736,101.72585533625852
1690149600,100.6419,100.9929,100.4639,100.9589,100.46667605310112,100.65153478110052,101.69577865640524,102.91191696688581,100.10288034683546,102.00195188274405,101.38960543006642,NaN,NaN,102.1309,99.142,NaN,NaN,NaN,51617,NaN,51617,101.69577865640524
1690243200,100.9849,101.2209,100.7569,100.8579,100.59708403540075,100.68101552665759,101.66292066987954,102.8914789871158,100.10476553947757,101.96095319650513,101.36488814325395,NaN,NaN,100.7739,99.099,NaN,NaN,NaN,40621,NaN,40621,101.66292066987954
1690329600,100.9029,101.0189,100.4269,100.6079,100.60068935693384,100.67057045142079,101.62154731027643,102.86875680813952,100.1060218052966,101.91134200640074,101.33175261415211,NaN,NaN,100.7739,99.099,NaN,NaN,NaN,57265,NaN,57265,101.62154731027643
1690416000,100.6739,101.4409,100.1369,101.3289,100.8434262379559,100.76461752978925,101.61007094516755,102.85343484984958,100.1090751840599,101.89187854766715,101.32826334266795,NaN,NaN,100.7739,99.099,NaN,NaN,NaN,73121,NaN,73121,101.61007094516755
1690502400,101.2789,101.6449,100.9279,101.2069,100.96458415863727,100.82780073981935,101.59426031986686,102.83705141850778,100.11181631968023,101.87147260380087,101.31704803593286,NaN,NaN,100.7739,99.099,NaN,NaN,NaN,81624,NaN,81624,101.59426031986686
1690754400,101.2629,101.4759,101.1089,101.4509,101.1266894390915,100.91681491984517,101.58863834653874,102.82325886707984,100.1151598494688,101.86453893033449,101.312737762743,NaN,NaN,100.7739,99.099,NaN,NaN,NaN,34231,NaN,34231,101.58863834653874
1690848000,101.4729,102.0229,101.4279,101.7709,101.34142629272768,101.038827074153,101.59578586236076,102.81278763457159,100.11929403211681,101.8699718421742,101.32159988254732,NaN,NaN,101.6449,100.1369,NaN,NaN,NaN,29783,NaN,29783,101.59578586236076
1690934400,101.6229,102.3699,101.6109,102.2029,101.62858419515179,101.20512320641686,101.61959425991523,102.80671910089426,100.1244965438968,101.88742037839316,101.3517681414373,NaN,NaN,101.6449,100.1369,NaN,NaN,NaN,35336,NaN,35336,101.61959425991523
1691020800,102.2039,102.4439,101.8979,102.1009,101.78602279676785,101.33309131978588,101.63846899482051,102.79969602526347,100.12943138398694,101.90094559982835,101.37599238981268,NaN,NaN,101.6449,100.1369,NaN,NaN,NaN,41182,NaN,41182,101.63846899482051
1691107200,102.0699,102.2219,101.3369,101.7299,101.76731519784524,101.38977827410218,101.6420545244354,102.78905128869368,100.13342756030657,101.90173173009454,101.38237731877625,NaN,NaN,101.6449,100.1369,NaN,NaN,NaN,37544,NaN,37544,101.6420545244354
1691359200,101.6089,101.9719,101.5569,101.6609,101.73184346523016,101.42850994923045,101.64279356269283,102.77782590273654,100.13724147401368,101.9013979753853,101.38418915000037,NaN,NaN,101.6449,100.1369,NaN,NaN,NaN,23966,NaN,23966,101.64279356269283
1691452800,101.6729,102.4019,101.6649,102.1609,101.87486231015343,101.53313709934038,101.66311146219508,102.77168733654015,100.1422943042908,101.92079362463373,101.40542929975642,NaN,NaN,102.4439,101.1089,NaN,NaN,NaN,33044,NaN,33044,101.66311146219508
1691539200,102.1219,102.1879,101.9009,102.0979,101.94920820676896,101.61381751372032,101.68016199308938,102.76498298493279,100.14717721489183,101.93782544538999,101.42249854078878,NaN,NaN,102.4439,101.1089,NaN,NaN,NaN,26080,NaN,26080,101.68016199308938
1691625600,102.0969,102.2619,101.3759,102.2249,102.0411054711793,101.70111501176028,101.7015242678702,102.7596090248837,100.15236503707686,101.95921846047402,101.44383007526638,NaN,NaN,102.4439,101.1089,NaN,NaN,NaN,40380,NaN,40380,101.7015242678702
1691712000,102.2649,102.5189,102.0299,102.4879,102.1900369807862,101.8135128672231,101.73236253187528,102.7569054524968,100.15819658504921,101.98964291470503,101.47508214904553,NaN,NaN,102.4439,101.1089,NaN,NaN,NaN,31407,NaN,31407,101.73236253187528
1691964000,102.4479,103.0729,102.3869,102.7799,102.3866579871908,101.9515681719055,101.77344243258605,102.7571342539645,100.16474266099166,102.03133325025712,101.51555161491498,NaN,NaN,102.4439,101.1089,NaN,NaN,NaN,30776,NaN,30776,101.77344243258605
1692057600,102.7659,102.9169,102.4389,102.7869,102.52007199146054,102.07090129020472,101.81318586660228,102.75743043054196,100.17128987032751,102.07202717940609,101.55434455379847,NaN,NaN,102.5189,101.3759,NaN,NaN,NaN,37948,NaN,37948,101.81318586660228
1692144000,102.8769,103.1789,102.5959,103.0799,102.70668132764035,102.21504396303261,101.86286093065709,102.76063908297438,100.17855231759262,102.12322549427695,101.60249636703723,NaN,NaN,102.5189,101.3759,NaN,NaN,NaN,31956,NaN,31956,101.86286093065709
1692230400,103.1639,103.2689,102.7179,103.0799,102.83108755176023,102.33859482545652,101.91058795298426,102.76381580851692,100.18579663140638,102.17256757402185,101.64860833194666,NaN,NaN,102.5189,101.3759,NaN,NaN,NaN,31801,NaN,31801,101.91058795298426
1692316800,103.0589,103.3429,102.8859,103.1059,102.92269170117349,102.44820985039131,101.95746293522016,102.76721963131774,100.19308777589724,102.22099307844678,101.69393279199355,NaN,NaN,102.5189,101.3759,NaN,NaN,NaN,27219,NaN,27219,101.95746293522016
1692568800,103.0669,103.1449,102.7899,102.9709,102.93876113411567,102.52287987176398,101.99720556521153,102.76924630165288,100.20002363663158,102.26191260167133,101.73249852875173,NaN,NaN,102.5189,101.3759,NaN,NaN,NaN,25103,NaN,25103,101.99720556521153
1692662400,102.9639,103.3519,102.6579,103.2489,103.04214075607712,102.62659703294055,102.04629162147775,102.77401897526828,100.20763631169618,102.31227108135465,101.78031216160085,NaN,NaN,103.3429,102.3869,NaN,NaN,NaN,25381,NaN,25381,102.04629162147775
1692748800,103.2349,103.6359,102.9489,103.0039,103.02939383738475,102.6804974568062,102.08384489122372,102.77630634864869,100.21461824350217,102.35080789982975,101.8168818826177,NaN,NaN,103.3429,102.3869,NaN,NaN,NaN,30864,NaN,30864,102.08384489122372
1692835200,103.0049,103.6749,102.9199,103.6529,103.23722922492317,102.81941210583388,102.14537646411691,102.78502867353775,100.22320321667695,102.415235903273,101.87551702496081,NaN,NaN,103.3429,102.3869,NaN,NaN,NaN,24933,NaN,24933,102.14537646411691
1692921600,103.7329,104.1019,103.3999,103.8459,103.44011948328212,102.9660532335719,102.21206366160251,102.79558460713439,100.2322486518413,102.48564556938112,101.93848175382391,NaN,NaN,103.3429,102.3869,NaN,NaN,NaN,27569,NaN,27569,102.21206366160251
1693173600,103.813,103.856,103.624,103.634,103.50474632218808,103.06147420020449,102.26782587095144,102.80392704885445,100.24074241301024,102.5443305273378,101.99132121456508,NaN,NaN,103.3429,102.3869,NaN,NaN,NaN,19045,NaN,19045,102.26782587095144
1693267200,103.593,103.991,103.007,103.131,103.38016421479206,103.07140645731813,102.30167583679648,102.80718150607977,100.24795903619872,102.57938835945693,102.02396331413603,NaN,NaN,104.1019,102.6579,NaN,NaN,NaN,26905,NaN,26905,102.30167583679648
1693353600,103.194,103.326,102.558,102.807,103.18910947652805,103.03363410627269,102.3214924706476,102.80717970004913,100.25434865158898,102.59875774792988,102.04422719336532,NaN,NaN,104.1019,102.6579,NaN,NaN,NaN,25238,NaN,25238,102.3214924706476
1693440000,102.781,103.367,102.661,103.265,103.21440631768536,103.06668637680517,102.35849276591632,102.81173512591928,100.26186588342023,102.63480671199173,102.08217881984092,NaN,NaN,104.1019,102.6579,NaN,NaN,NaN,24259,NaN,24259,102.35849276591632
1693526400,103.26,103.921,102.915,103.904,103.4442708784569,103.18630260869014,102.41910089274313,102.82260343312407,100.27095985125189,102.69800805979764,102.14019372568862,NaN,NaN,104.1019,102.6579,NaN,NaN,NaN,26766,NaN,26766,102.41910089274313
1693778400,103.886,103.912,103.623,103.702,103.53018058563794,103.25997366459156,102.46941066165516,102.83135364771985,100.27952674300906,102.75083701159042,102.1879843117199,NaN,NaN,104.1019,102.6579,NaN,NaN,NaN,9129,NaN,9129,102.46941066165516
1693872000,103.758,104.5,103.702,104.389,103.81645372375863,103.42126314107847,102.54468867492359,102.84685261639926,100.2897876000802,102.83079690051589,102.25858044933129,NaN,NaN,103.991,102.558,NaN,NaN,NaN,20911,NaN,20911,102.54468867492359
1693958400,104.365,104.642,104.197,104.451,104.02796914917242,103.56836840663868,102.61944598178933,102.86281428190773,100.3001776435257,102.91060700943987,102.32828495413878,NaN,NaN,103.991,102.558,NaN,NaN,NaN,18794,NaN,18794,102.61944598178933
1694044800,104.488,104.791,104.421,104.709,104.25497943278161,103.73131577711887,102.70138927662111,102.88118428905292,100.31118593904749,102.9983493280542,102.40442922518803,NaN,NaN,103.991,102.558,NaN,NaN,NaN,15906,NaN,15906,102.70138927662111
1694131200,104.699,104.723,104.292,104.674,104.39465295518774,103.86598495181617,102.77874655989088,102.89902325135091,100.3220793574269,103.08080442667973,102.47668869310202,NaN,NaN,103.991,102.558,NaN,NaN,NaN,15574,NaN,15574,102.77874655989088
1694383200,104.493,104.557,104.03,104.163,104.3174353034585,103.90841567298529,102.83303100852261,102.91160013442205,100.33166967114119,103.13676507197172,102.5292969450735,NaN,NaN,103.991,102.558,NaN,NaN,NaN,16583,NaN,16583,102.83303100852261
1694476800,104.208,104.541,104.04,104.211,104.28195686897233,103.95164200541596,102.88706900818839,102.92452948631835,100.34135588919077,103.1936740707363,102.58046394564049,NaN,NaN,104.791,103.623,NaN,NaN,NaN,11796,NaN,11796,102.88706900818839
1694563200,104.204,104.614,104.136,104.383,104.31563791264821,104.01326457607082,102.9457329686516,102.93904163073309,100.3514473850979,103.25469947228812,102.63676646501507,NaN,NaN,104.791,103.623,NaN,NaN,NaN,17642,NaN,17642,102.9457329686516
1694649600,104.385,105.082,104.19,104.997,104.54275860843214,104.1537982080607,103.0261748130182,102.95951882843724,100.36304676740727,103.34020075155009,102.71214887448632,NaN,NaN,104.791,103.623,NaN,NaN,NaN,18340,NaN,18340,103.0261748130182
1694736000,105.044,105.056,104.719,104.954,104.67983907228809,104.26811274976632,103.10177580074297,102.97936441223388,100.37450982167093,103.42065455374447,102.78289704774147,NaN,NaN,104.791,103.623,NaN,NaN,NaN,13502,NaN,13502,103.10177580074297
1694988000,104.943,104.994,104.647,104.704,104.68789271485872,104.33038235694255,103.16460812228246,102.99652496534598,100.3853200343509,103.48781798096283,102.84139826360209,NaN,NaN,104.791,103.623,NaN,NaN,NaN,21250,NaN,21250,103.16460812228246
1695081600,104.681,104.855,104.433,104.785,104.72026180990581,104.39532773452218,103.2281529018008,103.01432073683507,100.39630550242993,103.55548685760802,102.90081894599358,NaN,NaN,105.082,104.03,NaN,NaN,NaN,23367,NaN,23367,103.2281529018008
1695168000,104.754,105.081,104.304,104.977,104.80584120660387,104.47842377244758,103.29673514094587,103.03384988373224,100.40774294187455,103.62711526664619,102.96635501524555,NaN,NaN,105.082,104.03,NaN,NaN,NaN,33803,NaN,33803,103.29673514094587
1695254400,105.103,105.379,104.915,105.011,104.87422747106925,104.55450609066936,103.36396121384995,103.0535230192175,100.41923671730058,103.69762215010067,103.03030027759922,NaN,NaN,105.082,104.03,NaN,NaN,NaN,36975,NaN,36975,103.36396121384995
1695340800,105.029,105.415,104.95,105.152,104.96681831404617,104.63986236343088,103.43408038193427,103.07440338718548,100.43105385408634,103.77092010469109,103.09724065917744,NaN,NaN,105.082,104.03,NaN,NaN,NaN,31198,NaN,31198,103.43408038193427
1695592800,105.2,105.728,105.14,105.583,105.1722122093641,104.77459631151218,103.51835173950548,103.099364547512,100.44391763971909,103.86046370721253,103.17623977179842,NaN,NaN,105.082,104.03,NaN,NaN,NaN,25283,NaN,25283,103.51835173950548
1695686400,105.584,105.895,105.492,105.816,105.38680813957608,104.92336826701045,103.6084555928582,103.12639574604421,100.45733107882091,103.9573158925522,103.25959529316421,NaN,NaN,105.415,104.304,NaN,NaN,NaN,28461,NaN,28461,103.6084555928582
1695772800,105.84,106.471,105.803,106.339,105.70420542638405,105.12560137172323,103.71553576568729,103.15836195752635,100.47201689385507,104.07306062604366,103.35801090533093,NaN,NaN,105.415,104.304,NaN,NaN,NaN,34625,NaN,34625,103.71553576568729
1695859200,106.315,106.405,105.66,105.782,105.7301369509227,105.2193726043342,103.79657357879759,103.18446780869525,100.48527527863945,104.16062999953893,103.43251715805626,NaN,NaN,105.415,104.304,NaN,NaN,NaN,38991,NaN,38991,103.79657357879759
1695945600,105.8,105.868,105.262,105.806,105.75542463394846,105.30317651800074,103.87537461492317,103.21055270612116,100.49856048393623,104.24668057758662,103.50406865225973,NaN,NaN,105.415,104.304,NaN,NaN,NaN,40515,NaN,40515,103.87537461492317
1696197600,105.789,106.645,105.656,106.64,106.05028308929897,105.49415130114349,103.9837912966909,103.2446765597916,100.51389491468795,104.36623858137948,103.60134401200231,NaN,NaN,105.415,104.304,NaN,NaN,NaN,35100,NaN,35100,103.9837912966909
1696291200,106.648,106.952,106.413,106.708,106.26952205953265,105.667558258123,104.09062301054615,103.27913748954492,100.52936084498836,104.4841885428188,103.6970574782735,NaN,NaN,106.471,105.14,NaN,NaN,NaN,44724,NaN,44724,104.09062301054615
1696377600,106.705,106.869,106.141,106.433,106.3240147063551,105.77690707839113,104.1824809317012,103.31051920606686,100.54410151703583,104.58526268152379,103.77969918187863,NaN,NaN,106.471,105.14,NaN,NaN,NaN,41920,NaN,41920,104.1824809317012
1696464000,106.428,106.511,105.95,105.977,106.20834313757007,105.80549178147811,104.25285422849724,103.33705135327017,100.55766680663125,104.662458196848,103.84325026014649,NaN,NaN,106.471,105.14,NaN,NaN,NaN,38307,NaN,38307,104.25285422849724
1696550400,106.003,106.599,105.569,105.731,106.04922875838004,105.79485009840981,104.31082072934049,103.36087173781475,100.57058399313155,104.72590924779396,103.89573221088702,NaN,NaN,106.471,105.14,NaN,NaN,NaN,44121,NaN,44121,104.31082072934049
1696802400,105.926,106.219,105.647,105.686,105.9281525055867,105.77930008435126,104.36474932818989,103.38400734241361,100.58335656743084,104.78496783768172,103.94453081869806,NaN,NaN,106.471,105.14,NaN,NaN,NaN,31796,NaN,31796,104.36474932818989
1696896000,105.565,105.87,105.282,105.394,105.75010167039113,105.72425721515823,104.40511209963343,103.40400726935476,100.59536816151966,104.82928627265092,103.98093792661594,NaN,NaN,106.952,105.569,NaN,NaN,NaN,39857,NaN,39857,104.40511209963343
1696982400,105.371,105.639,105.178,105.332,105.61073444692742,105.66822047013562,104.44146064474585,103.42319127662486,100.60719495762073,104.86917054094944,104.01375074854225,NaN,NaN,106.952,105.569,NaN,NaN,NaN,40518,NaN,40518,104.44146064474585
1697068800,105.299,106.234,105.165,106.203,105.80815629795161,105.74461754583054,104.5105406194617,103.45085106491715,100.62116700516725,104.94476486839962,104.07631637052377,NaN,NaN,106.952,105.569,NaN,NaN,NaN,36474,NaN,36474,104.5105406194617
1697155200,106.148,106.425,105.92,106.309,105.97510419863441,105.8252436107119,104.58106843830633,103.47929035780354,100.63536883536658,105.02209728461015,104.14003959200251,NaN,NaN,106.952,105.569,NaN,NaN,NaN,39668,NaN,39668,104.58106843830633
1697407200,106.255,106.272,105.822,105.822,105.92406946575628,105.82478023775305,104.62973242111785,103.50260090150698,100.64831922529076,105.07538488519508,104.18407995704062,NaN,NaN,106.952,105.569,NaN,NaN,NaN,34095,NaN,34095,104.62973242111785
1697500800,105.881,106.158,105.652,105.82,105.88937964383751,105.82409734664547,104.67640958107401,103.52565959900443,100.66123228590178,105.12677084686004,104.22604831528798,NaN,NaN,106.425,105.165,NaN,NaN,NaN,38052,NaN,38052,104.67640958107401
1697587200,105.859,106.276,105.651,106.212,105.99691976255835,105.87951201141041,104.73662881318876,103.55238935423822,100.67509188069353,105.19294790077731,104.2803097256002,NaN,NaN,106.425,105.165,NaN,NaN,NaN,35844,NaN,35844,104.73662881318876
1697673600,106.19,106.319,105.581,105.868,105.95394650837223,105.87786743835179,104.78099631071076,103.5754302561861,100.6880579434134,105.24201498163379,104.31997763978774,NaN,NaN,106.425,105.165,NaN,NaN,NaN,44420,NaN,44420,104.78099631071076
1697760000,105.865,106.068,105.72,105.877,105.92829767224815,105.87774351858724,104.82397684754564,103.59833144766684,100.70101410335494,105.28951588264545,104.35843781244583,NaN,NaN,106.425,105.165,NaN,NaN,NaN,35081,NaN,35081,104.82397684754564
1698012000,105.814,105.973,105.145,105.224,105.69353178149876,105.78435158736049,104.83966402999482,103.61450725415772,100.71230745141148,105.30767030497768,104.37165775501197,NaN,NaN,106.425,105.165,NaN,NaN,NaN,32097,NaN,32097,104.83966402999482
1698105600,105.219,105.951,104.945,105.881,105.75602118766584,105.79815850345184,104.8805007347009,103.63705942078302,100.72521305078374,105.35281707792349,104.40818439147831,NaN,NaN,106.319,105.581,NaN,NaN,NaN,33348,NaN,33348,104.8805007347009
1698192000,105.87,106.203,105.778,106.171,105.89434745844389,105.8514215743873,104.93110854902636,103.6622727598797,100.73881052131861,105.40865668901634,104.45356040903638,NaN,NaN,106.319,105.581,NaN,NaN,NaN,31428,NaN,31428,104.93110854902636
1698278400,106.201,106.557,106.17,106.256,106.01489830562926,105.90921849233197,104.98306507651553,103.68808099112468,100.75258627532281,105.46595355303262,104.50017659999844,NaN,NaN,106.319,105.581,NaN,NaN,NaN,36988,NaN,36988,104.98306507651553
1698364800,106.216,106.428,105.941,106.156,106.06193220375285,105.94447299342741,105.02906252449532,103.71263739917319,100.76607794504736,105.51683564128174,104.54128940770889,NaN,NaN,106.319,105.581,NaN,NaN,NaN,31857,NaN,31857,105.02906252449532
1698616800,106.177,106.326,105.675,105.731,105.95162146916856,105.9139768515092,105.05658948431903,103.73272060913166,100.77847475417333,105.54775383876722,104.56542512987085,NaN,NaN,106.319,105.581,NaN,NaN,NaN,30109,NaN,30109,105.05658948431903
1698710400,105.789,106.473,105.507,106.308,106.07041431277904,105.97026587272218,105.1056644065026,103.75834527968756,100.79228130909425,105.60180071030608,104.60952810269912,NaN,NaN,106.557,104.945,NaN,NaN,NaN,37363,NaN,37363,105.1056644065026
1698796800,106.308,106.757,106.232,106.272,106.1376095418527,106.01337074804758,105.15140305722798,103.78335676944191,100.80596350307903,105.65189776736506,104.6509083470909,NaN,NaN,106.557,104.945,NaN,NaN,NaN,38576,NaN,38576,105.15140305722798
1698883200,106.069,106.115,105.431,105.779,106.01807302790179,105.9798892126122,105.17601470204256,103.80321391601463,100.81838057298395,105.67772448387117,104.67430492021396,NaN,NaN,106.557,104.945,NaN,NaN,NaN,33522,NaN,33522,105.17601470204256
1698969600,105.823,105.853,104.561,104.669,105.5683820186012,105.79261932509618,105.1561317725507,103.81182870291995,100.82799510338849,105.65676839466467,104.65549515043672,NaN,NaN,106.557,104.945,NaN,NaN,NaN,35912,NaN,35912,105.1561317725507
1699225200,104.702,104.891,104.451,104.839,105.32525467906747,105.65638799293959,105.14369523245067,103.82204931284114,100.83801009688814,105.64383155050797,104.64355891439337,NaN,NaN,106.557,104.945,NaN,NaN,NaN,26229,NaN,26229,105.14369523245067
1699318800,104.93,105.376,104.918,105.099,105.24983645271165,105.57676113680536,105.14194247823691,103.8347552898278,100.84864927267618,105.64199313018665,104.64189182628718,NaN,NaN,106.757,104.561,NaN,NaN,NaN,29372,NaN,29372,105.14194247823691
1699405200,105.212,105.469,105.047,105.153,105.2175576351411,105.51622383154745,105.14237610654135,103.84787215261558,100.85939671519135,105.64136248804834,104.64338972503435,NaN,NaN,106.757,104.561,NaN,NaN,NaN,28311,NaN,28311,105.14237610654135
1699491600,105.182,105.579,104.99,105.515,105.31670509009408,105.51604899846924,105.15698880824561,103.86446048940547,100.87102119280635,105.65625029046544,104.65772732602579,NaN,NaN,106.757,104.561,NaN,NaN,NaN,33140,NaN,33140,105.15698880824561
1699578000,105.524,105.628,105.358,105.531,105.38813672672939,105.51818485583078,105.17165591380461,103.88104297209796,100.88265659557088,105.67201153308031,104.67130029452892,NaN,NaN,106.757,104.561,NaN,NaN,NaN,29863,NaN,29863,105.17165591380461
1699830000,105.371,105.557,105.18,105.286,105.35409115115293,105.4850155907121,105.1761399956162,103.89502264401739,100.8936512108129,105.67674008965675,104.67553990157565,NaN,NaN,106.757,104.561,NaN,NaN,NaN,23867,NaN,23867,105.1761399956162
1699923600,105.264,105.337,103.579,103.661,104.78972743410195,105.22444193489608,105.11672274088615,103.89269406049483,100.90056094561737,105.6155552773057,104.61789020446659,NaN,NaN,105.628,104.451,NaN,NaN,NaN,33254,NaN,33254,105.11672274088615
1700010000,103.773,104.099,103.554,103.991,104.52348495606796,105.04823594419663,105.07257675104748,103.89367222904713,100.90827739768824,105.57053815007654,104.57461535201841,NaN,NaN,105.628,104.451,NaN,NaN,NaN,32869,NaN,32869,105.07257675104748
1700096400,103.962,104.167,103.611,103.976,104.34098997071197,104.89505938073997,105.02957374120248,103.89449141084765,100.91593712952921,105.52706474133213,104.53208274107284,NaN,NaN,105.628,104.451,NaN,NaN,NaN,30415,NaN,30415,105.02957374120248
1700182800,103.955,104.155,103.415,103.451,104.04432664714132,104.6887651834914,104.96766888860631,103.89007856098847,100.92226687452414,105.46412377473818,104.47121400247444,NaN,NaN,105.628,104.451,NaN,NaN,NaN,30385,NaN,30385,104.96766888860631
1700434800,103.473,103.569,102.962,103.078,103.72221776476088,104.45865587156406,104.89356422630803,103.88199817729705,100.92764947908213,105.38933051908363,104.39779793353243,NaN,NaN,105.628,104.451,NaN,NaN,NaN,28036,NaN,28036,104.89356422630803
1700528400,103.005,103.3,102.774,103.187,103.54381184317393,104.27699074705491,104.82664013900184,103.87508277254783,100.93329080372862,105.3217820622625,104.33149821574118,NaN,NaN,105.557,103.415,NaN,NaN,NaN,29124,NaN,29124,104.82664013900184
1700614800,103.117,103.805,103.077,103.48,103.52254122878261,104.16313492604706,104.77383072178608,103.87115160068169,100.93964962818873,105.26852496831303,104.27913647525914,NaN,NaN,105.557,103.415,NaN,NaN,NaN,28796,NaN,28796,104.77383072178608
1700701200,103.419,103.482,103.121,103.34,103.46169415252174,104.04554422232606,104.71760206602977,103.86586651012765,100.94564301238802,105.21163556073532,104.22356857132422,NaN,NaN,105.557,103.415,NaN,NaN,NaN,14799,NaN,14799,104.71760206602977
1700787600,103.339,103.445,102.953,102.977,103.3001294350145,103.89289504770805,104.64934316147958,103.8570220672408,100.95071506479154,105.1412617329523,104.15742459000685,NaN,NaN,105.557,103.415,NaN,NaN,NaN,15905,NaN,15905,104.64934316147958
1701039600,102.991,103.122,102.775,102.797,103.132419623343,103.73633861232119,104.57670225318626,103.84647458398467,100.95532501469218,105.06586734597268,104.08753716039983,NaN,NaN,105.557,103.415,NaN,NaN,NaN,23097,NaN,23097,104.57670225318626
1701133200,102.723,102.904,102.195,102.335,102.86661308222867,103.5361473819896,104.48879236090444,103.83143503588532,100.95876989605375,104.97497334026617,104.0026113815427,NaN,NaN,103.805,102.774,NaN,NaN,NaN,28389,NaN,28389,104.48879236090444
1701219600,102.084,102.61,102.065,102.446,102.72640872148578,103.38041204170537,104.40868285655525,103.81764961264268,100.96248332952179,104.88714406151375,103.93022165159674,NaN,NaN,103.805,102.774,NaN,NaN,NaN,28909,NaN,28909,104.40868285655525
1701306000,102.365,103.184,102.315,103.089,102.84727248099053,103.33878175003318,104.35693058767073,103.81039936774077,100.96779298412973,104.82185243832184,103.89200873701962,NaN,NaN,103.805,102.774,NaN,NaN,NaN,30008,NaN,30008,104.35693058767073
1701392400,102.933,103.329,102.706,102.84,102.84484832066035,103.26752721431416,104.29744311364443,103.80074365263887,100.97246765832666,104.7497140621617,103.84517216512717,NaN,NaN,103.805,102.774,NaN,NaN,NaN,27938,NaN,27938,104.29744311364443
1701644400,102.728,103.453,102.629,103.235,102.97489888044024,103.26288046941214,104.25577867781524,103.79511436256286,100.97811692759426,104.69403287799481,103.81752447763567,NaN,NaN,103.805,102.774,NaN,NaN,NaN,25267,NaN,25267,104.25577867781524
1701738000,103.151,103.704,103.151,103.561,103.17026592029349,103.30546897378183,104.22853245515583,103.79278486641795,100.98456607384246,104.65202339672685,103.80504151358481,NaN,NaN,103.329,102.065,NaN,NaN,NaN,25591,NaN,25591,104.22853245515583
1701824400,103.55,103.838,103.472,103.799,103.37984394686232,103.37597340609871,104.21168804514971,103.79284670854314,100.99159337453199,104.62182036057088,103.80155572972855,NaN,NaN,103.329,102.065,NaN,NaN,NaN,19202,NaN,19202,104.21168804514971
1701910800,103.738,103.812,102.866,103.281,103.34689596457488,103.36240577665603,104.17519047475169,103.78775370646808,100.99730974563178,104.5752859613342,103.77509498816917,NaN,NaN,103.329,102.065,NaN,NaN,NaN,25231,NaN,25231,104.17519047475169
1701997200,103.139,103.908,103.067,103.636,103.44326397638325,103.40149066570517,104.15404575025163,103.78624371933904,101.00389823565517,104.54475240135186,103.7633390991514,NaN,NaN,103.329,102.065,NaN,NaN,NaN,27704,NaN,27704,104.15404575025163
1702249200,103.61,103.882,103.55,103.685,103.52384265092216,103.44199199917585,104.13565179926137,103.7852363191466,101.010592622083,104.5182974462312,103.75300615229153,NaN,NaN,103.329,102.065,NaN,NaN,NaN,17282,NaN,17282,104.13565179926137
1702342800,103.634,103.698,103.063,103.411,103.48622843394811,103.43756457072216,104.10723408164327,103.78151257467748,101.01658614861962,104.48126173569158,103.73320642759496,NaN,NaN,103.908,102.629,NaN,NaN,NaN,19887,NaN,19887,104.10723408164327
1702429200,103.416,103.629,102.355,102.539,103.17048562263207,103.30919820347614,104.04573470589256,103.76914926547671,101.0203874316443,104.41118792853618,103.68028148324893,NaN,NaN,103.908,102.629,NaN,NaN,NaN,22639,NaN,22639,104.04573470589256
1702515600,102.33,102.405,101.374,101.553,102.63132374842138,103.05831274583669,103.9479804037007,103.7470980290043,101.02171730072882,104.3123704509143,103.5835903564871,NaN,NaN,103.908,102.629,NaN,NaN,NaN,25129,NaN,25129,103.9479804037007
1702602000,101.67,102.25,101.445,102.165,102.47588249894758,102.93069663928858,103.87805960355557,103.73135576005899,101.02457193917894,104.23826649142123,103.51785271568991,NaN,NaN,103.908,102.629,NaN,NaN,NaN,19971,NaN,19971,103.87805960355557
1702854000,102.216,102.251,101.984,102.102,102.35125499929839,102.8123114051045,103.8084102073377,103.71514326493403,101.02726214657176,104.16584026912378,103.45098014555163,NaN,NaN,103.908,102.629,NaN,NaN,NaN,28666,NaN,28666,103.8084102073377
1702947600,102.072,102.232,101.652,101.704,102.1355033328656,102.65398120437528,103.72588431685386,103.69513188916353,101.02895187903974,104.0836055889022,103.36816304480553,NaN,NaN,103.882,101.374,NaN,NaN,NaN,30187,NaN,30187,103.72588431685386
1703034000,101.761,102.133,101.746,101.999,102.0900022219104,102.5604124608931,103.65816336325175,103.678254954943,101.03137397172628,104.01664105589165,103.29968567061184,NaN,NaN,103.882,101.374,NaN,NaN,NaN,30709,NaN,30709,103.65816336325175
1703120400,101.965,102.059,101.348,101.358,101.8460014812736,102.3886392521941,103.56796087841835,103.65516784096347,101.03218951736491,103.92965228846481,103.20626946837189,NaN,NaN,103.882,101.374,NaN,NaN,NaN,32937,NaN,32937,103.56796087841835